# ************************************************************
# Sequel Ace SQL dump
# 版本号： 20072
#
# https://sequel-ace.com/
# https://github.com/Sequel-Ace/Sequel-Ace
#
# 主机: 192.168.3.88 (MySQL 8.0.28)
# 数据库: mall-boot
# 生成时间: 2024-09-18 10:15:49 +0000
# ************************************************************


/*!40101 SET @OLD_CHARACTER_SET_CLIENT=@@CHARACTER_SET_CLIENT */;
/*!40101 SET @OLD_CHARACTER_SET_RESULTS=@@CHARACTER_SET_RESULTS */;
/*!40101 SET @OLD_COLLATION_CONNECTION=@@COLLATION_CONNECTION */;
SET NAMES utf8mb4;
/*!40014 SET @OLD_FOREIGN_KEY_CHECKS=@@FOREIGN_KEY_CHECKS, FOREIGN_KEY_CHECKS=0 */;
/*!40101 SET @OLD_SQL_MODE='NO_AUTO_VALUE_ON_ZERO', SQL_MODE='NO_AUTO_VALUE_ON_ZERO' */;
/*!40111 SET @OLD_SQL_NOTES=@@SQL_NOTES, SQL_NOTES=0 */;


# 转储表 geo
# ------------------------------------------------------------

DROP TABLE IF EXISTS `geo`;

CREATE TABLE `geo` (
  `id` int NOT NULL,
  `name` varchar(64) CHARACTER SET utf8mb4 COLLATE utf8mb4_bin DEFAULT NULL,
  `address` varchar(512) CHARACTER SET utf8mb4 COLLATE utf8mb4_bin DEFAULT NULL,
  `longitude` varchar(255) CHARACTER SET utf8mb4 COLLATE utf8mb4_bin DEFAULT NULL,
  `latitude` varchar(255) CHARACTER SET utf8mb4 COLLATE utf8mb4_bin DEFAULT NULL,
  PRIMARY KEY (`id`) USING BTREE
) ENGINE=InnoDB DEFAULT CHARSET=utf8mb4 COLLATE=utf8mb4_bin ROW_FORMAT=DYNAMIC;

LOCK TABLES `geo` WRITE;
/*!40000 ALTER TABLE `geo` DISABLE KEYS */;

INSERT INTO `geo` (`id`, `name`, `address`, `longitude`, `latitude`)
VALUES
	(1,X'E68891E79A84E6B58BE8AF956365736869',X'E58C97E4BAACE5B882E4B89CE59F8EE58CBAE6ADA3E4B989E8B7AF32E58FB7E6ADA3E4B989E8B7AF',X'3131362E343037353236',X'33392E3930343033'),
	(2,X'E69C89E782B9E794B0E7949FE68081E5869CE88095E59FBAE59CB0',X'E6B996E58D97E79C81E995BFE6B299E5B882E5BC80E7A68FE58CBAE68D9EE5BBBAE8B7AF',X'3131332E30323939363937313237323932',X'32382E3238323132383831303136363039'),
	(3,X'E69E9CE5AD90E5AEB6E5A4A7E6A8B1E6A183E59BAD',X'E59B9BE5B79DE79C81E99B85E5AE89E5B882E6B189E6BA90E58EBFE88AB1E983BDE5A4A7E98193',X'3130322E3634313339',X'32392E3439303233'),
	(4,X'E59CA3E69E9CE5AEB6E5BAADE5869CE59CBA',X'E6B2B3E58C97E79C81E6B2A7E5B79EE5B882E6B2A7E58EBF',X'3131362E3634313736',X'33382E3232313733'),
	(5,X'E5B1B1E9878CE88081E59C9FE6A3AEE69E97E6B0A7E590A7E5869CE59CBA',X'E9BB91E9BE99E6B19FE79C81E789A1E4B8B9E6B19FE5B882E4B89CE5AE81E5B882333031E59BBDE98193',X'3133302E3837373738',X'34342E3432343939'),
	(6,X'E887AAE784B6E5869CE59CBA',X'E58C97E4BAACE5B882E69C9DE998B3E58CBAE9989CE5AE89E8A5BFE8B7AF',X'3131362E3438303332',X'33392E3939373036'),
	(7,X'E5A688E5A688E7A78DE88F9CE59BA2E8A782E9BE99E5B29BE59FBAE59CB0',X'E5B9BFE4B89CE79C81E5B9BFE5B79EE5B882E795AAE7A6BAE58CBAE8A782E9BE99E5B29BE5A4A7E6A1A5',X'3131332E3436363839',X'32322E393039343433'),
	(8,X'E99D92E99D92E88D89E58E9F',X'E58C97E4BAACE5B882E69C9DE998B3E58CBAE9989CE5AE89E8A5BFE8B7AF',X'3131362E34373935353130393136343432',X'33392E3939363938383239383733333137'),
	(9,X'E98187E8A781E794B0E59BAD435341E5869CE59CBA',X'E6B996E58D97E79C81E995BFE6B299E5B882E69C9BE59F8EE58CBAE9BB84E6A1A5E5A4A7E98193',X'3131322E3739363335',X'32382E3233333838'),
	(10,X'34EFBD9E3132E4B8AAE5AD97',X'E5B9BFE4B89CE79C81E5B9BFE5B79EE5B882E799BDE4BA91E58CBAE58583E5B297E8B7AF',X'3131332E3333333636',X'32332E3137383233'),
	(11,X'E68890E58EBFE4B8ADE6ACA7E8A385E9A5B0',X'E79498E88283E79C81E99987E58D97E5B882E68890E58EBFE99987E58D97E4B8ADE8B7AF',X'3130352E3734383033',X'33332E373438383938'),
	(12,X'64656675E5AEB6E79A84E5869CE59CBA',X'E59B9BE5B79DE79C81E68890E983BDE5B882E7AE80E998B3E5B882',X'3130342E3636383733',X'33302E3439393238'),
	(13,X'E6B599E6B19FE4B889E58FB6E99D92E889AFE7A78DE7B981E882B2E59FBAE59CB0',X'E6B599E6B19FE79C81E58FB0E5B79EE5B882E9BB84E5B2A9E58CBAE4B8B4E58892E7BABF',X'3132312E31333935353230323931313232',X'32382E3636373432333930353433313238'),
	(14,X'E88081E5B3AAE6B29FE5BA84E59BAD',X'E7BE8EE59BBDE58AA0E588A9E7A68FE5B0BCE4BA9AE5B79EE6B49BE69D89E79FB6E58EBF4C6F7320416C746F73204176656E7565',X'2D3131382E30343030343434353634353535',X'33342E31313133303730393139343731'),
	(15,X'E6988EE69C88E69D91E9A692E5A4B4E7AA91E5BCA0E593A5E5869CE59CBA',X'E59B9BE5B79DE79C81E68890E983BDE5B882E892B2E6B19FE58EBF',X'3130332E3332313538',X'33302E323638393334'),
	(16,X'E697A5E785A7E993B6E69893E5869CE4B89AE58F91E5B195E69C89E99990E585ACE58FB8',X'E5B1B1E4B89CE79C81E697A5E785A7E5B882E88E92E58EBF',X'3131382E3834353038',X'33352E3433393733'),
	(17,X'E788B1E78F82E7949FE68081E5869CE59CBA',X'E6B19FE88B8FE79C81E88B8FE5B79EE5B882E5A4AAE4BB93E5B882E8A5BFE696B0E7BABF',X'3132312E3036383035',X'33312E353238343532'),
	(18,X'E699BAE685A7E88AB1E4B990E59BAD',X'E6B599E6B19FE79C81E69DADE5B79EE5B882E890A7E5B1B1E58CBAE8A5BFE5B08FE7BABF',X'3132302E323032323632383335343133',X'33302E3131343133333536353736303136'),
	(19,X'E4BCAFE998B3E69E9CE59381E59FBAE59CB0',X'E79498E88283E79C81E5A4A9E6B0B4E5B882E9BAA6E7A7AFE58CBA',X'3130362E3036333333',X'33342E3533383634'),
	(20,X'E8B5B5E58589E5869CE59CBA',X'E9BB91E9BE99E6B19FE79C81E9BB91E6B2B3E5B882E58C97E5AE89E5B882',X'3132362E3733343732',X'34382E3033383936'),
	(21,X'E8B186E8B186E5869CE59CBA',X'E5A4A9E6B4A5E5B882E99D99E6B5B7E58CBA',X'3131372E30343538343938303935303638',X'33382E39393731353734393033323939'),
	(22,X'E5AE81E58EBFE4B89CE7899BE7949FE68081E585BBE6AE96E5869CE6B091E4B893E4B89AE59088E4BD9C',X'E79498E88283E79C81E5BA86E998B3E5B882E5AE81E58EBF',X'3130382E333139343135363439323435',X'33352E3739353734393131303732363035'),
	(23,X'E4BA91E69CB5E5869CE59CBA',X'E6B2B3E58C97E79C81E5BCA0E5AEB6E58FA3E5B882E6B2BDE6BA90E58EBF',X'3131352E36383031323833353736313635',X'34312E3733333439313536313238313333'),
	(24,X'E6B2B3E58D97E696B0E58EBFE7BBBFE5BAB7E6BA90E7949FE68081E59BAD',X'E6B2B3E58D97E79C81E4BFA1E998B3E5B882E696B0E58EBF',X'3131342E3930323233',X'33312E3531333439'),
	(25,X'E6ADA3E59381E6BA90E5869CE59CBA',X'E696B0E79686E7BBB4E590BEE5B094E887AAE6B2BBE58CBAE6988CE59089E59B9EE6978FE887AAE6B2BBE5B79EE6988CE59089E5B882',X'38372E3333343238363538303230393939',X'34342E3130383736353439313733333232'),
	(26,X'E4BE9DE7A6BEE5869CE5BA84',X'E58C97E4BAACE5B882E6988CE5B9B3E58CBA',X'3131362E34373734393832383133323333',X'34302E3233313035373336323639353832'),
	(27,X'4465657220486F6C6C6F77',X'E7BE8EE59BBDE58AA0E588A9E7A68FE5B0BCE4BA9AE5B79EE59CA3E5A194E5858BE68B89E68B89E58EBF52616E63686F53616E416E746F6E696F42696B6550617468',X'2D3132322E30383934363536333234343834',X'33372E3333333135333030343637303337'),
	(28,X'E58C97E4BAACE58D81E5AD97E88AB1E5869CE59CBA',X'E58C97E4BAACE5B882E9809AE5B79EE58CBAE98791E8BE9BE8B7AF',X'3131362E383839393436',X'33392E373838323936'),
	(29,X'E88081E79FB3E5869CE59CBA',X'E5B1B1E8A5BFE79C81E8BF90E59F8EE5B882E6B0B8E6B58EE5B882',X'3131302E3237353434',X'33342E38313937'),
	(30,X'E7A986E6A3B1E5B882E585ADE5B3B0E8B0B7E5AEB6E5BAADE5869CE59CBA',X'E9BB91E9BE99E6B19FE79C81E789A1E4B8B9E6B19FE5B882E7A986E6A3B1E5B882',X'3133302E3236323339',X'34342E3134373133'),
	(31,X'E4B99DE7A78DE891A1E89084E59BAD',X'E58C97E4BAACE5B882E68080E69F94E58CBAE68080E9BB84E8B7AF',X'3131362E36303837',X'34302E3335313639'),
	(32,X'E5AE81E58EBFE98791E69D91E68192E697ADE5869CE6B091E585BBE6AE96E4B893E4B89AE59088E4BD9C',X'E79498E88283E79C81E5BA86E998B3E5B882E5AE81E58EBF',X'3130382E3334393132',X'33352E3633383832'),
	(33,X'E59388E59388E59388E59388E59388',X'E9878DE5BA86E5B882E5A589E88A82E58EBF',X'3130392E33373639363131393032323535',X'33302E3634343330373339313935363733'),
	(34,X'E9A1BAE4B989E69E81E5AEA2E5869CE59CBA',X'E58C97E4BAACE5B882E9A1BAE4B989E58CBAE6B0B4E59DA1E58D97E8A197E4B880E5B7B7',X'3131362E3533353735',X'34302E313334373335'),
	(35,X'E7BAAFE88D89E5869CE5BA84',X'E6B2B3E58C97E79C81E5BB8AE59D8AE5B882E6B0B8E6B885E58EBFE68192E5B1B1E58D97E8B7AF',X'3131362E3537333237',X'33392E333239343333'),
	(36,X'E4BC98E7BBB4E696AFE5BA84E59BAD',X'E58C97E4BAACE5B882E9A1BAE4B989E58CBAE891A3E59084E5BA84E8A5BFE8B7AF',X'3131362E3532333133',X'34302E313237303938'),
	(37,X'E5A4A9E5AF8CE5869CE5869CE5BA84',X'E58C97E4BAACE5B882E9A1BAE4B989E58CBAE5A4A9E58C97E8B7AF',X'3131362E353234393934',X'34302E3132323637'),
	(38,X'E8B0B7E5AD90E59CB0E5BC80E5BF83E5869CE59CBA',X'E58C97E4BAACE5B882E9A1BAE4B989E58CBAE8A395E5AE89E8B7AF',X'3131362E3534373738',X'34302E3133313035'),
	(39,X'E8A199E997A8E69D91E5869CE59CBA',X'E58C97E4BAACE5B882E9A1BAE4B989E58CBAE5AE89E4B990E8B7AF',X'3131362E3630383032',X'34302E313537373634'),
	(40,X'E59B9BE696B9E8BEBEE7A78DE6A48DE59088E4BD9CE7A4BE',X'E58C97E4BAACE5B882E9A1BAE4B989E58CBA',X'3131362E3534313939',X'34302E313831313532'),
	(41,X'E88081E59095E98787E69198E59BAD',X'E58C97E4BAACE5B882E9A1BAE4B989E58CBA',X'3131362E3533303938',X'34302E3138303737'),
	(42,X'E9BE99E5AE9DE6A8B1E6A183E98787E69198E59BAD',X'E58C97E4BAACE5B882E9A1BAE4B989E58CBA',X'3131362E3533353332',X'34302E3138363236'),
	(43,X'E5A4AAE998B3E69D91E585ACE79B8AE5869CE59CBA',X'E58C97E4BAACE5B882E9A1BAE4B989E58CBA',X'3131362E3530343432',X'34302E323038383437'),
	(44,X'E5A4AAE998B3E69D91E585ACE79B8AE5869CE59CBAE891A1E89084E98787E69198E59BAD',X'E58C97E4BAACE5B882E9A1BAE4B989E58CBA5333303728E68080E6988CE8B7AF29',X'3131362E35323134',X'34302E323431393035'),
	(45,X'E7BBBFE784B6E5BAB7E98787E69198E59BAD',X'E58C97E4BAACE5B882E6988CE5B9B3E58CBA',X'3131362E3438353239',X'34302E313630323832'),
	(46,X'E88081E79FB3E5869CE59CBA',X'E58C97E4BAACE5B882E6B5B7E6B780E58CBAE5B1B1E58FA3E8B7AF',X'3131362E3135383431',X'34302E303438333738'),
	(47,X'E69CACE79C9FE5869CE59CBA',X'E58C97E4BAACE5B882E9A1BAE4B989E58CBAE781ABE5AFBAE8B7AF',X'3131362E353631383734',X'34302E3234333737'),
	(48,X'E991ABE6B3BDE6BA90E9A5ADE5BA84',X'E58C97E4BAACE5B882E9A1BAE4B989E58CBA',X'3131362E353537343334',X'34302E323532303134'),
	(49,X'E5B1B1E6B0B4E794B0E59BADE5869CE59CBA',X'E58C97E4BAACE5B882E9A1BAE4B989E58CBAE68080E6988CE8B7AF',X'3131362E35353732',X'34302E323536303834'),
	(50,X'E58C97E4BAACE7BBBFE6A1A5E6A8B1E6A183E98787E69198E59BAD',X'E58C97E4BAACE5B882E68080E69F94E58CBAE68080E995BFE8B7AF',X'3131362E3538303033',X'34302E323931393136'),
	(51,X'E58BBFE5BF98E68891E5869CE59CBA',X'E58C97E4BAACE5B882E68080E69F94E58CBA',X'3131362E3537393137',X'34302E3332323139'),
	(52,X'E5AE9DE4B8B0E5869CE59CBA',X'E6B996E58D97E79C81E995BFE6B299E5B882E69C9BE59F8EE58CBAE5B2B3E4B8B4E9AB98E9809FE585ACE8B7AF',X'3131322E3738383833',X'32382E3431383331'),
	(53,X'E5A688E5A688E5AEB6E5BAADE5869CE59CBA',X'E6B996E58D97E79C81E5B2B3E998B3E5B882E4B8B4E6B998E5B882',X'3131332E35373636393231343535393438',X'32392E35303034393631363438363235'),
	(54,X'E68891E79A84E5869CE59CBA',X'E58C97E4BAACE5B882E69C9DE998B3E58CBAE9989CE5AE89E8A5BFE8B7AF',X'3131362E34373938343934323339383833',X'33392E3939373033373237323834303031'),
	(55,X'E4B8ADE5869CE698A5E99BA8E4BC91E997B2E5869CE59CBA',X'E58C97E4BAACE5B882E69C9DE998B3E58CBAE5BE90E5B0B9E8B7AF',X'3131362E3633373633',X'33392E3938383337'),
	(56,X'E794B0E4B990E5869CE5BA84',X'E58C97E4BAACE5B882E9809AE5B79EE58CBAE6B8A9E6A686E6B2B3E5B7A6E5A0A4E8B7AF',X'3131362E3634383134',X'33392E3936393236'),
	(57,X'E58C97E4BAACE5908EE999A2E5869CE59CBA',X'E58C97E4BAACE5B882E9809AE5B79EE58CBAE5AF8CE5A381E8B7AF',X'3131362E363539393335',X'33392E393732393538'),
	(58,X'E69C88E78999E6B2B3E5869CE59CBA',X'E58C97E4BAACE5B882E9A1BAE4B989E58CBAE69D8EE5A0A1E8B7AF',X'3131362E3638333836',X'34302E303337353036'),
	(59,X'E7A2A7E6B885E59BADE69C89E69CBAE5869CE5BA84',X'E58C97E4BAACE5B882E6B5B7E6B780E58CBAE6B299E998B3E8B7AF',X'3131362E3232393735',X'34302E3132303939'),
	(60,X'373839E69687E58C96E889BAE69CAFE69599E882B2E59FBAE59CB0',X'E58C97E4BAACE5B882E6B5B7E6B780E58CBAE6B299E998B3E8B7AF',X'3131362E3233303937',X'34302E3132303833'),
	(61,X'E7BBBFE4B896E7958CE7949FE68081E5869CE5BA84',X'E58C97E4BAACE5B882E6B5B7E6B780E58CBAE6B299E998B3E8B7AF',X'3131362E3137363536',X'34302E313237313633'),
	(62,X'E5B08FE6AF9BE9A9B4E5B882E6B091E5869CE59BAD',X'E58C97E4BAACE5B882E6B5B7E6B780E58CBAE8939DE99D9BE58E82E58C97E8B7AF',X'3131362E3237373837',X'33392E3937393539'),
	(63,X'E99B84E5AE89E5869CE5AEB6E999A2',X'E6B2B3E58C97E79C81E4BF9DE5AE9AE5B882E5AE89E696B0E58EBFE69785E6B8B8E8A5BFE8B7AF',X'3131352E39323136323639383932343332',X'33382E3935303931313734323535323431'),
	(64,X'E5AE89E696B0E58EBFE4BC97E88194E891A1E89084E7A78DE6A48DE4B893E4B89AE59088E4BD9CE7A4BE',X'E6B2B3E58C97E79C81E4BF9DE5AE9AE5B882E5AE89E696B0E58EBFE69785E6B8B8E8A5BFE8B7AF',X'3131352E39323331313836353039363338',X'33382E3935303832383838323330393837'),
	(65,X'E99988E5AEB6E6B29FE68BB3E4B9A1E9A490E9A686',X'E6B2B3E58D97E79C81E784A6E4BD9CE5B882E6B8A9E58EBFE99988E6B29FE7BABF',X'3131332E31343937393938373036313938',X'33342E3934313837363638323539323639'),
	(66,X'E98097E8B186E4B990E7949FE68081E5869CE59CBA',X'E59B9BE5B79DE79C81E68890E983BDE5B882E5BDADE5B79EE5B882',X'3130342E31363434',X'33302E3938393433'),
	(67,X'E79B8AE982BBE585ACE7A4BE',X'E5B9BFE4B89CE79C81E683A0E5B79EE5B882E683A0E998B3E58CBA',X'3131342E32363839343732353237303534',X'32322E3934393437363534343831383734'),
	(68,X'64736673686B66',X'E58C97E4BAACE5B882E4B89CE59F8EE58CBAE6ADA3E4B989E8B7AF32E58FB7E6ADA3E4B989E8B7AF',X'3131362E343037353236',X'33392E3930343033'),
	(69,X'E6B58BE8AF95E5869CE59CBA313233',X'E58C97E4BAACE5B882E4B89CE59F8EE58CBAE6ADA3E4B989E8B7AF32E58FB7E6ADA3E4B989E8B7AF',X'3131362E343037353236',X'33392E3930343033'),
	(70,X'E6B58BE8AF95E5869CE59CBA',X'E58C97E4BAACE5B882E4B89CE59F8EE58CBAE6ADA3E4B989E8B7AF32E58FB7E6ADA3E4B989E8B7AF',X'3131362E343037353236',X'33392E3930343033'),
	(71,X'E6B58BE8AF95E5869CE59CBA',X'E58C97E4BAACE5B882E4B89CE59F8EE58CBAE6ADA3E4B989E8B7AF32E58FB7E6ADA3E4B989E8B7AF',X'3131362E343037353236',X'33392E3930343033'),
	(72,X'E5869CE59CBAE6B58BE8AF95313835',X'E58C97E4BAACE5B882E69C9DE998B3E58CBAE9989CE9809AE4B89CE5A4A7E8A197',X'3131362E343835343035',X'33392E393934313138'),
	(73,X'E99984E8BF91E5B185E6B091',X'E58C97E4BAACE5B882E69C9DE998B3E58CBAE9989CE5AE89E4B89CE8B7AF',X'3131362E343836313537303232313231',X'33392E3939363434393538313233393534'),
	(74,X'E99D92E99D92E88D89E58E9F',X'E58C97E4BAACE5B882E69C9DE998B3E58CBA',X'3131362E35333733303834393635313431',X'33392E3938383539363831363434323235'),
	(75,X'E99D92E99D92E88D89E58E9F',X'E58C97E4BAACE5B882E69C9DE998B3E58CBA',X'3131362E35333739353436323530323133',X'33392E39393031313538363033313332'),
	(76,X'E6B58BE8AF956D6FE280866FE280866FE28086676169',X'E58C97E4BAACE5B882E69C9DE998B3E58CBAE9989CE5AE89E8A5BFE8B7AF',X'3131362E34373938343934323339383833',X'33392E3939373032303934383134313632'),
	(77,X'E6B58BE8AF95E78AB6E68081',X'E58C97E4BAACE5B882E69C9DE998B3E58CBA',X'3131362E35333631343839393932313334',X'34302E3031333331313035353539353636'),
	(78,X'E6B7BBE58AA0E5869CE59CBA',X'E58C97E4BAACE5B882E69C9DE998B3E58CBAE9989CE5AE89E8A5BFE8B7AF',X'3131362E34373939353539373132353431',X'33392E3939373032303934383134313632'),
	(79,X'E99D92E99D92E88D89E58E9F',X'E58C97E4BAACE5B882E69C9DE998B3E58CBA',X'3131362E35333833373437383838343739',X'33392E3938383039353936333737383833'),
	(80,X'E99D92E99D92E5AD90E8A1BF',X'E58C97E4BAACE5B882E6B5B7E6B780E58CBAE6B885E58D8EE8A5BFE8B7AF3238E58FB7533530E58C97E4BA94E78EAF',X'3131362E32393536373033393037303531',X'34302E3031303931393837363633353234'),
	(81,X'E99D92E99D92E5AD90E8A1BF',X'E58C97E4BAACE5B882E6B5B7E6B780E58CBAE6B885E58D8EE8A5BFE8B7AF3238E58FB7533530E58C97E4BA94E78EAF',X'3131362E32393536373033393037303531',X'34302E3031303931393837363633353234'),
	(82,X'E595A6E595A6E595A6E595A6',X'E58C97E4BAACE5B882E9809AE5B79EE58CBA',X'3131362E37343934393038323237333636',X'33392E3634353733353135303134373731'),
	(83,X'E6B5B7E6B780E58CBAE5908EE6B299E6B6A7E69D91E98787E69198E59BAD',X'E58C97E4BAACE5B882E6B5B7E6B780E58CBAE88B8FE5AEB6E59DA8E58C97E8B7AF',X'3131362E31343138363031383735353934',X'34302E3131363635373631393639333531'),
	(84,X'E58C97E4BAACE5B08FE6AF9BE9A9B4E5B882E6B091E5869CE59BAD',X'E58C97E4BAACE5B882E6B5B7E6B780E58CBAE88B8FE5AEB6E59DA8E58C97E8B7AF',X'3131362E313338393833343131333834',X'34302E3131353530303538393139373932'),
	(85,X'E587A4E587B0E5B2ADE5B08FE799BDE6A191E8919AE98787E69198E59BAD',X'E58C97E4BAACE5B882E6B5B7E6B780E58CBAE88182E59084E5BA84E4B89CE8B7AF',X'3131362E31333639353930313333333437',X'34302E3039383131303136383436373037'),
	(86,X'E587A4E587B0E5B2ADE58584E5BC9FE59E82E99293E98787E69198E59BAD',X'E58C97E4BAACE5B882E6B5B7E6B780E58CBAE6B8A9E58C97E8B7AF',X'3131362E313332363333313934333435',X'34302E3130353136373932333031303035'),
	(87,X'E5A4A9E5B1B1E4BE9DE88E8EE58FA4E4B8BDE891A1E89084E59BADE9A490E58E85',X'E58C97E4BAACE5B882E6B5B7E6B780E58CBAE587A4E587B0E5B2ADE8B7AF',X'3131362E31333030353437353035313337',X'34302E3130383239373232343231333339'),
	(88,X'E587A4E587B0E5A4A9E5A082E5869CE59CBA',X'E58C97E4BAACE5B882E6B5B7E6B780E58CBAE587A4E587B0E5B2ADE8B7AF',X'3131362E31323231303633323434383834',X'34302E3130353532363439363037353336'),
	(89,X'E587A4E587B0E5B2ADE59B9BE5ADA3E98787E69198E59BAD',X'E58C97E4BAACE5B882E6B5B7E6B780E58CBAE587A4E587B0E5B2ADE58D97E8B7AF',X'3131362E31303238363338383832393239',X'34302E3130353836383736383630313832'),
	(90,X'E58886E4BAABE694B6E88EB7E9A1BAE4B989E59FBAE59CB0',X'E58C97E4BAACE5B882E9A1BAE4B989E58CBAE6988CE98791E8B7AF',X'3131362E38373335323032363135303039',X'34302E3230303138383736333839323837'),
	(91,X'E4B8ADE5908CC2B7E5AEB6E28094E69C89E69CBAE9A490E9A5AEE580A1E5AFBCE88085',X'E58C97E4BAACE5B882E6B5B7E6B780E58CBAE4B89CE58C97E697BAE8A5BFE8B7AF38E58FB7E8BDAFE4BBB6E59BADE4BA8CE58FB7E8B7AF',X'3131362E32383835313138343431343439',X'34302E3034333438313535333039333437'),
	(92,X'E590B4E5BBBAE69D83E5AEB6E5BAADE5869CE59CBA',X'E9878DE5BA86E5B882E995BFE5AFBFE58CBAE587A4E587B0E58D97E8A197',X'3130362E3935343931',X'32392E39393835'),
	(93,X'E6B58BE8AF95E5869CE59CBAE6B58BE8AF95E5869CE59CBA31',X'E58C97E4BAACE5B882E4B89CE59F8EE58CBAE6ADA3E4B989E8B7AF32E58FB7E6ADA3E4B989E8B7AF',X'3131362E3430373533',X'33392E3930343033'),
	(94,X'E880BFE5A4A7E788B7E58EA8E688BF',X'E58C97E4BAACE5B882E69C9DE998B3E58CBAE5B9BFE9A1BAE58C97E5A4A7E8A1973333E58FB7E9989CE9809AE8A5BFE5A4A7E8A197',X'3131362E34373031313130303338393833',X'33392E3939313936303130333532363532'),
	(95,X'E78CB4E5AD90E581B7E6A183',X'E6B2B3E58D97E79C81E98391E5B79EE5B882E4BA8CE4B883E58CBAE98791E6B0B4E8B7AF',X'3131332E36363534303333393930363237',X'33342E3736333132333739353837303135'),
	(96,X'E58C97E4BAACE99BA8E88AB1E6968BE7BBBFE889B2E5AEB6E59BADE5869CE59CBA',X'E58C97E4BAACE5B882E9A1BAE4B989E58CBAE5A4A9E58C97E8B7AF',X'3131362E3532393333',X'34302E313635373138'),
	(97,X'E5A5A5E882AFE5B0BCE5858BE5869CE59CBAE69C89E69CBAE781ABE99485',X'E58C97E4BAACE5B882E5A4A7E585B4E58CBAE9BB84E9B985E8B7AF',X'3131362E32363533323731353931313636',X'33392E3734373233383838363330303338'),
	(98,X'E5A5A5E882AFE5B0BCE5858BE5869CE59CBA',X'E58C97E4BAACE5B882E5A4A7E585B4E58CBAE9BB84E9B985E8B7AF',X'3131362E3236353138',X'33392E373530313435'),
	(99,X'E7B4ABE8B0B7E4BC8AE794B8E59BAD',X'E58C97E4BAACE5B882E4B8B0E58FB0E58CBAE5869CE59CBAE8B7AF39E58FB7',X'3131362E3236313538',X'33392E3831313536'),
	(100,X'E4BC8AE794B8E59BADE7A781E5AEB6E5B08FE88F9CE59BAD',X'E58C97E4BAACE5B882E4B8B0E58FB0E58CBAE5B7A6E5A0A4E8B7AF',X'3131362E3235353335',X'33392E3831363237'),
	(101,X'E5AE8FE88BB1E7A68FE98787E69198E59BAD',X'E58C97E4BAACE5B882E4B8B0E58FB0E58CBAE8BE9BE5BA84E58D97E8B7AF',X'3131362E3134383737',X'33392E3834323736'),
	(102,X'E9BAA6E7A780E5869CE59CBA',X'E58C97E4BAACE5B882E4B8B0E58FB0E58CBAE8BE9BE5BA84E58D97E8B7AF',X'3131362E3135313139',X'33392E3833373033'),
	(103,X'E799BDE78E89E4BFADE98787E69198E59BAD',X'E58C97E4BAACE5B882E4B8B0E58FB0E58CBAE8BE9BE5BA84E58D97E8B7AF',X'3131362E3134393438',X'33392E383431303236'),
	(104,X'E7BAA2E69797E5B2ADE98787E69198E59BAD',X'E8BEBDE5AE81E79C81E6B288E998B3E5B882E6B591E58D97E58CBAE6B288E7A59DE7BABF',X'3132332E363436313634',X'34312E373232313435'),
	(105,X'E59388E59388E59388E59388E59388E59388',X'E6B996E58D97E79C81E995BFE6B299E5B882E99BA8E88AB1E58CBAE69C9DE69996E8B7AF',X'3131332E303237303834',X'32382E3137363636'),
	(106,X'E99D92E99D92E88D89E58E9F',X'E58C97E4BAACE5B882E69C9DE998B3E58CBAE9989CE88DA3E8A197',X'3131362E343736393933393537323636',X'33392E3939323834313639363938303937'),
	(107,X'E79FB3E5AEB6E5BA84E5869BE5A790E794B0E59BADE7949FE68081E59BAD',X'E6B2B3E58C97E79C81E79FB3E5AEB6E5BA84E5B882E89781E59F8EE58CBAE69E9CE78E8BE7BABF',X'3131342E38323235323039313137393739',X'33372E3939343132363638373732343733'),
	(108,X'E6B6A6E794B0E5869CE59BAD',X'E58C97E4BAACE5B882E68080E69F94E58CBA',X'3131362E3535373935',X'34302E3238323336'),
	(109,X'E6ACA2E4B990E5A49AE5869CE5BA84',X'E6B996E58D97E79C81E995BFE6B299E5B882E69C9BE59F8EE58CBAE99BB7E9AB98E8B7AF',X'3131322E38343235343932333334383137',X'32382E3230343036383030373038373833'),
	(110,X'E4B889E7949FE4B887E789A9',X'E58C97E4BAACE5B882E6988CE5B9B3E58CBAE6B0B4E58D97E8B7AF',X'3131362E3138323239',X'34302E3139383731'),
	(111,X'E59CA3E59684E887AAE784B6E59088E4BD9CE7A4BE',X'E6B2B3E58C97E79C81E6B2A7E5B79EE5B882E78CAEE58EBF333037E59BBDE98193',X'3131362E303930313935',X'33382E3037363732'),
	(112,X'E9829BE5B483E995BFE885B0E5B1B1E682A6E681ACE5AEB6E5BAADE5869CE59CBA',X'E59B9BE5B79DE79C81E68890E983BDE5B882E9829BE5B483E5B882E9829BE6B0B4E8B7AF',X'3130332E3432393735',X'33302E3435343837'),
	(113,X'E58C97E4BAACE69C89E69CBAE5869CE5A4ABE5B882E99B86',X'E58C97E4BAACE5B882E69C9DE998B3E58CBAE69B99E58589E58D97E78EAFE8B7AF',X'3131362E3435343437',X'33392E393632333935'),
	(114,X'E78E89E5B2A9E5869CE59CBA',X'E58C97E4BAACE5B882E9A1BAE4B989E58CBA',X'3131362E373131373534',X'34302E3232333838'),
	(115,X'E99BA8E69E9CE79A84E59B9BE5ADA3',X'E5B1B1E8A5BFE79C81E995BFE6B2BBE5B882E6BD9EE59F8EE5B882E995BFE6B2BBE7BB95E59F8EE9AB98E9809FE585ACE8B7AF',X'3131332E33303931313634343535323831',X'33362E33303639323033383034303731'),
	(116,X'E4B990E5928CE4BB99E8B0B7E69C89E69CBAE5869CE59CBA',X'E58C97E4BAACE5B882E5B9B3E8B0B7E58CBAE5B08FE4B89CE6B29FE8B7AF',X'3131372E32323233353630303935383336',X'34302E3231333235373135363534363732'),
	(117,X'E4B8ADE5B1B1E5B882E79287E9948BE4BC91E997B2E5AEB6E5BAADE5869CE59CBA',X'E5B9BFE4B89CE79C81E4B8ADE5B1B1E5B882E58FA4E7A59EE585ACE8B7AF',X'3131332E32383139383234303835313538',X'32322E3432333238343230303032323633'),
	(118,X'E5ADA3E9A296E5869CE4B89AE69C89E99990E8B4A3E4BBBBE585ACE58FB8',X'E79498E88283E79C81E5A4A9E6B0B4E5B882E79498E8B0B7E58EBF333136E59BBDE98193',X'3130352E3138393132',X'33342E3734383233'),
	(119,X'E88081E788B8E69E9CE59BADE5AEB6E5BAADE5869CE59CBA',X'E6B599E6B19FE79C81E8A1A2E5B79EE5B882E8A1A2E6B19FE58CBA',X'3131392E3030353636',X'32392E3038323334'),
	(120,X'E5A5A5E4B880E5869CE59CBA',X'E58C97E4BAACE5B882E6988CE5B9B3E58CBAE68080E6988CE8B7AF',X'3131362E333036343936',X'34302E3139373431'),
	(121,X'E4B880E69E9DE7BAA2E69D8FE5889BE6848FE5869CE59CBA',X'E58C97E4BAACE5B882E6988CE5B9B3E58CBAE5B494E998BFE8B7AF',X'3131362E333533343234',X'34302E323036343633'),
	(122,X'E585ADE59088E5BA84E59BAD',X'E58C97E4BAACE5B882E6988CE5B9B3E58CBAE6988CE98791E8B7AF',X'3131362E3337313439',X'34302E3230333237'),
	(123,X'E4BE9DE7A6BEE5869CE5BA84',X'E58C97E4BAACE5B882E6988CE5B9B3E58CBA',X'3131362E34373734383430373436383835',X'34302E3233313035373336323831323336'),
	(124,X'E998BFE78FA5E6A5A0E6B0B4E88095E7A791E68A80E8BEB2E6A5AD',X'E4B88AE6B5B7E5B882E6B5A6E4B89CE696B0E58CBAE7A59DE888AAE8B7AF',X'3132312E3637333731',X'33312E3036323735'),
	(125,X'E998BFE78FA5E6A5A0E6B0B4E88095E7A791E68A80E8BEB2E6A5AD',X'E4B88AE6B5B7E5B882E6B5A6E4B89CE696B0E58CBAE7A59DE888AAE8B7AF',X'3132312E3637333731',X'33312E3036323735'),
	(126,X'E984B1E998B3E58EBFE78BAEE5AD90E5B1B1E694B6E88EB7E585B1E4BAABE5869CE59CBA',X'E6B19FE8A5BFE79C81E4B88AE9A5B6E5B882E984B1E998B3E58EBF',X'3131362E36363235',X'32392E3131353839'),
	(127,X'E984B1E998B3E58EBFE6B6A6E5869CE7A78DE585BBE4B893E4B89AE59088E4BD9CE7A4BE',X'E6B19FE8A5BFE79C81E4B88AE9A5B6E5B882E984B1E998B3E58EBF',X'3131362E3634313032',X'32392E3433393334'),
	(128,X'E9BE99E6B389E68588E5BF83E4BC91E997B2E5869CE5BA84',X'E58C97E4BAACE5B882E5BBB6E5BA86E58CBA303035E58EBFE98193',X'3131362E3136313631',X'34302E353135373035'),
	(129,X'E58FAFE5BF83E5869CE5AEB6E999A2',X'E58C97E4BAACE5B882E6988CE5B9B3E58CBAE6B3B0E78795E8B7AF',X'3131362E32303038343437353430353035',X'34302E333131383830333639363931'),
	(130,X'E998BFE58DA1E5869CE59CBA',X'E58C97E4BAACE5B882E6988CE5B9B3E58CBAE5908EE5A4A7E8B7AF',X'3131362E3337323235',X'34302E3139393036'),
	(131,X'E79DBFE699BAE680A1E59088E5BA84E59BAD',X'E58C97E4BAACE5B882E6988CE5B9B3E58CBAE6988CE98791E8B7AF',X'3131362E34303236',X'34302E323036343235'),
	(132,X'E7A7BEE7A8BCE4BC98E7949FE68081E59BAD',X'E7A68FE5BBBAE79C81E6BCB3E5B79EE5B882E58D97E99D96E58EBF353633E58EBFE98193',X'3131372E31373734363430393439343534',X'32342E3830363934333739303031393331'),
	(133,X'E8B68AE993ADE5869CE4B89A',X'E6B996E58D97E79C81E995BFE6B299E5B882E995BFE6B299E58EBFE9BB84E98791E5A4A7E98193',X'3131332E32303337333430393637313233',X'32382E3138333436333437393837373331'),
	(134,X'E593BCE593BCE5869CE59CBA',X'E59B9BE5B79DE79C81E68890E983BDE5B882E99D92E799BDE6B19FE58CBAE4BA91E79FB3E8B7AF',X'3130342E3334363731',X'33302E3733383234'),
	(135,X'E7A6A7E7A68FE5869CE5BA84',X'E59B9BE5B79DE79C81E68890E983BDE5B882E98791E5A082E58EBF',X'3130342E3437303739',X'33302E3931373233'),
	(136,X'E4B881E5AEB6E5BA8444444A',X'E6B2B3E58D97E79C81E98391E5B79EE5B882E98791E6B0B4E58CBAE5A4A9E4BCA6E8B7AF',X'3131332E3638333039',X'33342E3832353932'),
	(137,X'E4B89CE9838AE6B894E59CBA',X'E6B996E58D97E79C81E982B5E998B3E5B882E58F8CE6B885E58CBA',X'3131312E3539343734',X'32372E323738383837'),
	(138,X'E59684E59BA0E69E9CE7949FE68081E5869CE59CBA',X'E59B9BE5B79DE79C81E68890E983BDE5B882E9BE99E6B389E9A9BFE58CBAE6B2AAE89389E9AB98E9809FE585ACE8B7AF',X'3130342E3235343732',X'33302E363738313833'),
	(139,X'E5B9B3E4BABAE5869CE59CBA',X'E58C97E4BAACE5B882E6988CE5B9B3E58CBAE7A7A6E58C97E8B7AF',X'3131362E3436353037',X'34302E3230313736'),
	(140,X'E69CB4E794B0E5869CE59CBA',X'E59B9BE5B79DE79C81E68890E983BDE5B882E98791E5A082E58EBF',X'3130342E343733363531363639343636',X'33302E3931313532333531333133313932'),
	(141,X'E587A1E69CB4E5869CE59CBA',X'E59B9BE5B79DE79C81E68890E983BDE5B882E5B487E5B79EE5B882E7A8BBE4B9A1E69785E6B8B8E78EAFE7BABF',X'3130332E3635313633',X'33302E3537393734'),
	(142,X'E9AB98E5AF86E5B882E698A5E58D8EE7A78BE5AE9EE891A1E89084E98787E69198E59BAD',X'E5B1B1E4B89CE79C81E6BD8DE59D8AE5B882E9AB98E5AF86E5B882',X'3131392E35363935',X'33362E3337383239'),
	(143,X'E8939DE58991E9A9ACE59CBA',X'E696B0E79686E7BBB4E590BEE5B094E887AAE6B2BBE58CBAE4B98CE9B281E69CA8E9BD90E5B882E6B0B4E7A3A8E6B29FE58CBA',X'38372E3739373238',X'34332E383730333034'),
	(144,X'E98391E5A4AAE69C89E69CBAE5869CE59CBA',X'E6B996E58D97E79C81E5B8B8E5BEB7E5B882E9BC8EE59F8EE58CBAE69DADE7919EE9AB98E9809FE585ACE8B7AF',X'3131312E3733383434',X'32392E3134343633'),
	(145,X'E6B189E7BE8EE5BA84E59BAD',X'E59B9BE5B79DE79C81E68890E983BDE5B882E5B487E5B79EE5B882E8A782E58589E8B7AF',X'3130332E3633383632',X'33302E353333'),
	(146,X'E6ACA2E4B990E6A091E5A4A9E7A9BAE5869CE59CBA',X'E7A68FE5BBBAE79C81E58EA6E997A8E5B882E6B996E9878CE58CBAE4BA94E7BC98E6B9BEE98193',X'3131382E31363139363739333430303938',X'32342E3531353139373538353536373535'),
	(147,X'E5A4A9E5B1B1E5869CE59CBA',X'E6B19FE8A5BFE79C81E8B5A3E5B79EE5B882E5B487E4B989E58EBFE6B2BFE6B2B3E4B89CE8B7AF',X'3131342E3331303932',X'32352E363836313434'),
	(148,X'E799BDE9B9ADE6B996E581A5E5BAB7E5869CE4B89AE7A4BAE88C83E5869CE5BA84',X'E6B2B3E58C97E79C81E6B2A7E5B79EE5B882E696B0E58D8EE58CBA',X'3131362E3934303039',X'33382E333430353537'),
	(149,X'E8B7A8E6A08FE584BFE5BA84E59BAD',X'E58C97E4BAACE5B882E9A1BAE4B989E58CBAE98193E58FA3E8B7AF',X'3131362E3831353337',X'34302E30383732'),
	(150,X'E7BABDE889BEE9B1BCE88F9CE585B1E7949FE5869CE59CBA',X'E6B19FE88B8FE79C81E88B8FE5B79EE5B882E5BCA0E5AEB6E6B8AFE5B882E7A88BE5A2A9E8A5BFE8B7AF',X'3132302E36323436393833333235313135',X'33312E3733343936333833323634333137'),
	(151,X'E88081E5B3AAE6B29FE58E9FE7949FE68081E5869CE5BA84',X'E58C97E4BAACE5B882E6988CE5B9B3E58CBAE88081E4B89CE8B7AF',X'3131352E3932393437',X'34302E3137333032'),
	(152,X'E8AFBAE9A2A1E4B893E4B89AE59088E4BD9CE7A4BE',X'E99D92E6B5B7E79C81E6B5B7E58D97E8978FE6978FE887AAE6B2BBE5B79EE8B4B5E58D97E58EBFE5B9B8E7A68FE8B7AF',X'3130302E37343638303039353533363336',X'33352E3538353030393730373830353037'),
	(153,X'E8A782E5A48DE5869CE59CBA',X'E99995E8A5BFE79C81E592B8E998B3E5B882E7A4BCE6B389E58EBF323135E58EBFE98193',X'3130382E343333343835313532313237',X'33342E3730313534393533333034303638'),
	(154,X'E68891E79A84E5869CE59CBA',X'E6B19FE88B8FE79C81E88B8FE5B79EE5B882E590B4E4B8ADE58CBAE6B885E7A6BEE8B7AF',X'3132302E37303531323333313038373231',X'33312E3234313731323338343332363336'),
	(155,X'E7BE8EE5908DE689ACE581A5E5BAB7E7B2AEE6B2B9E8BF9EE99481',X'E5B9BFE4B89CE79C81E5B9BFE5B79EE5B882E58D97E6B299E58CBAE5B882E58D97E8B7AF',X'3131332E333937393935',X'32322E383933313733'),
	(156,X'E683A0E5B79EE5B882E799BEE59088E5869CE59BAD',X'E5B9BFE4B89CE79C81E683A0E5B79EE5B882E683A0E59F8EE58CBAE995BFE6B7B1E9AB98E9809FE585ACE8B7AF',X'3131342E3336323537',X'32332E313733303333'),
	(157,X'E58DA1E59387E4BC8AE7949FE68081E59BAD',X'E6B19FE88B8FE79C81E88B8FE5B79EE5B882E590B4E4B8ADE58CBAE699AEE683A0E8B7AF',X'3132302E37323736',X'33312E3234303439'),
	(158,X'E6B58BE8AF953132333435',X'E58C97E4BAACE5B882E69C9DE998B3E58CBAE9989CE5AE89E8A5BFE8B7AF',X'3131362E34383032353433303335393832',X'33392E3939363937313937343032333035'),
	(159,X'E6B58BE8AF95E4BDA0E5A5BDE5869CE59CBA',X'E6B19FE88B8FE79C81E5BE90E5B79EE5B882E4BA91E9BE99E58CBAE5BA86E4B8B0E8B7AF',X'3131372E3234383339',X'33342E3235313232'),
	(160,X'E3808AE99D92E59BADE3808B',X'E58C97E4BAACE5B882E6B5B7E6B780E58CBAE587A4E587B0E5B2ADE8B7AF',X'3131362E31323634333231343337363234',X'34302E3130383633343035303033363332'),
	(161,X'E6B5B7E4B8B0E58EBFE7A5BAE7919BE7A78DE585BBE4B893E4B89AE59088E4BD9CE7A4BE',X'E5B9BFE4B89CE79C81E6B195E5B0BEE5B882E6B5B7E4B8B0E58EBFE6B180E6B4B2E6B5A6E7BE8EE8B7AF',X'3131352E33393332',X'32322E39393039'),
	(162,X'E7ABB9E6B5B7E69585E4BA8BE6B091E5AEBF',X'E5AE89E5BEBDE79C81E5AEA3E59F8EE5B882E5AE81E59BBDE5B882',X'3131382E38393233313339323436373234',X'33302E3538323431313838313137353838'),
	(163,X'E7ABB9E6B5B7E69585E4BA8BE6B091E5AEBF',X'E5AE89E5BEBDE79C81E5AEA3E59F8EE5B882E5AE81E59BBDE5B882',X'3131382E38393233313339323438343238',X'33302E3538323431313838313130333239'),
	(164,X'E9A39FE794B0E79594E7949FE68081E5869CE59CBA',X'E6B19FE88B8FE79C81E5B8B8E5B79EE5B882E6BAA7E998B3E5B882',X'3131392E3139343736',X'33312E3432353239'),
	(165,X'E6B0B4E4B89CE5A4A7E8889CE7949FE68081E5869CE59CBA',X'E6B996E58D97E79C81E68080E58C96E5B882E6BA86E6B5A6E58EBF303332E58EBFE98193',X'3131302E3634303534',X'32372E3834373536'),
	(166,X'E9A699E9A699E58D81E9878CE6A183E59BAD',X'E58C97E4BAACE5B882E5B9B3E8B0B7E58CBAE4B9B1E9A9ACE58FB0E58C97E8B7AF',X'3131372E32323535333037343833303437',X'34302E3135383930363636313137373932'),
	(167,X'E9A699E9A699E58D81E9878CE6A183E59BAD',X'E58C97E4BAACE5B882E5B9B3E8B0B7E58CBAE4B9B1E9A9ACE58FB0E58C97E8B7AF',X'3131372E32333331383639313337373838',X'34302E3136303730303830303430323335'),
	(168,X'E5A4A7E586B6E5B882E69E9CE4B990E6B187E7A78DE585BBE6AE96E5869CE59CBA',X'E6B996E58C97E79C81E9BB84E79FB3E5B882E5A4A7E586B6E5B882',X'3131342E3735353536',X'33302E3132363832'),
	(169,X'E5BDADE6B69BE5869CE59CBA',X'E6B19FE8A5BFE79C81E8B5A3E5B79EE5B882E8B5A3E58EBFE58CBA323139E79C81E98193',X'3131352E3030383535',X'32352E3630343233'),
	(170,X'E6B885E78E84E8B0B7E5869CE59CBA',X'E6B996E58D97E79C81E5B8B8E5BEB7E5B882E5AE89E4B9A1E58EBF',X'3131322E31333730343638303033323934',X'32392E32393837363733333738313438'),
	(171,X'E685A2E8AEBFE69CACE591B3',X'E6B19FE88B8FE79C81E58D97E4BAACE5B882E6B19FE5AE81E58CBA333033E58EBFE98193',X'3131392E30313636393732303238383536',X'33312E39363935323237323030303635'),
	(172,X'E5B08FE7B2AEE4BB93E28094E5AFAEE6ADA5E5869CE59CBA',X'E5B9BFE4B89CE79C81E4B89CE88E9EE5B882E98791E5AF8CE8B7AF',X'3131332E38343634383430323839353639',X'32322E3939393234323431393130393039'),
	(173,X'E58492E9A296E5BA84E59BAD',X'E6B996E58D97E79C81E68080E58C96E5B882E6BA86E6B5A6E58EBF',X'3131302E35323938',X'32372E3436373335'),
	(174,X'E68891E79A84E5869CE59CBA',X'E6B996E58C97E79C81E5AE9CE6988CE5B882E69E9DE6B19FE5B882E4B883E6989FE8A197',X'3131312E3930323634',X'33302E343039353237'),
	(175,X'E7A78DE58AA8E59198E4BAB2E5AD90E5869CE59CBA',X'E4B88AE6B5B7E5B882E997B5E8A18CE58CBAE88AA6E68192E8B7AF31323535E58FB7',X'3132312E3437353533',X'33312E3130383035'),
	(176,X'E689BFE5BEB7E69FB4E9B8A1E7949FE68081E585BBE6AE96E4B990E59BAD',X'E6B2B3E58C97E79C81E689BFE5BEB7E5B882E689BFE5BEB7E58EBFE5AEABE58D81E7BABF',X'3131382E3130313933',X'34312E313533383936'),
	(177,X'E69C89E69CBAE5869CE59CBA',X'E58C97E4BAACE5B882E5A4A7E585B4E58CBAE58D9AE585B4E58D81E4B880E8B7AF',X'3131362E34393330323537363935313934',X'33392E3737363035383232323839303934'),
	(178,X'E6B389E6B0B4E6B29FE8A5BFE7939C',X'E696B0E79686E7BBB4E590BEE5B094E887AAE6B2BBE58CBAE5B7B4E99FB3E983ADE6A59EE89299E58FA4E887AAE6B2BBE5B79EE5928CE99D99E58EBF',X'38362E3131373039',X'34322E333633323238'),
	(179,X'E4B99DE7A78DE891A1E89084E59BAD',X'E58C97E4BAACE5B882E68080E69F94E58CBAE68080E9BB84E8B7AF',X'3131362E363038353734',X'34302E3335313739'),
	(180,X'E4BDB3E7BE8EE5869CE59CBA',X'E7A68FE5BBBAE79C81E7A68FE5B79EE5B882E997BDE4BEAFE58EBFE4BAACE58FB0E9AB98E9809FE585ACE8B7AF',X'3131392E303630343836',X'32362E3235373234'),
	(181,X'E689BFE5BEB7E69FB4E9B8A1E7949FE68081E585BBE6AE96E4B990E59BAD',X'E6B2B3E58C97E79C81E689BFE5BEB7E5B882E689BFE5BEB7E58EBFE5AEABE58D81E7BABF',X'3131382E3130323032',X'34312E3135333934'),
	(182,X'E59490E5ABA3E5869CE5BA84',X'E6B599E6B19FE79C81E69DADE5B79EE5B882E8A5BFE6B996E58CBAE79B8AE4B990E8B7AF',X'3132302E3131353035',X'33302E3237353039'),
	(183,X'594F594FE7949FE6B4BBE5BA84E59BAD',X'E4B88AE6B5B7E5B882E6B5A6E4B89CE696B0E58CBAE58D8EE5A48FE9AB98E69EB6E8B7AF',X'3132312E3734303138',X'33312E3230373931'),
	(184,X'E89299E58C97E78795E9BAA6E7A78DE6A48DE59FBAE59CB0',X'E58685E89299E58FA4E887AAE6B2BBE58CBAE994A1E69E97E983ADE58B92E79B9FE4B89CE4B98CE78FA0E7A986E6B281E69797',X'3131392E30353535373434313430373133',X'34362E3334303736363736333731303236'),
	(185,X'E5A683E69FA0E5869CE59CBA',X'E9878DE5BA86E5B882E5B7B4E58D97E58CBAE4BA91E5B1B1E8B7AF',X'3130362E34383533363230353433333433',X'32392E33333834353135343034353632'),
	(186,X'E5B9BFE7BBBFE5869CE4B89AE7A791E68A80E69C89E99990E585ACE58FB8',X'E59B9BE5B79DE79C81E58D97E58585E5B882E8A5BFE58585E58EBF323132E59BBDE98193',X'3130352E38353934373336383731303334',X'33312E3039323633343030323334313636'),
	(187,X'E4B880E88B8BE5869CE59CBA',X'E9878DE5BA86E5B882E59088E5B79DE58CBA',X'3130362E3630343631',X'33302E31353835'),
	(188,X'E9878DE5BA86E5B882E6B6AAE999B5E58CBAE6988CE585B0E5AEB6E5BAADE5869CE59CBA',X'E9878DE5BA86E5B882E6B6AAE999B5E58CBA',X'3130372E323232383535',X'32392E353534383133'),
	(189,X'E7A59EE7B1B3E5B08FE7A192E69C89E69CBAE4BC98E8B4A8E7A8BB',X'E9878DE5BA86E5B882E5BFA0E58EBFE4B990E5A4A9E694AFE8B7AF37E58FB7',X'3130382E303434313036',X'33302E323939313437'),
	(190,X'E69DBEE6B996E7949FE68081E7BAA2E5BF83E78C95E78CB4E6A183E59FBAE59CB0',X'E9878DE5BA86E5B882E5B7B4E58D97E58CBA',X'3130362E3535383132',X'32392E3231373132'),
	(191,X'E59088E5B79DE698A5E4B98BE697ADE5AEB6E5BAADE5869CE59CBA',X'E9878DE5BA86E5B882E59088E5B79DE58CBA',X'3130362E3335343934',X'32392E393230343735'),
	(192,X'E5BAB7E784B6E7949FE68081E5869CE59CBA',X'E9878DE5BA86E5B882E5A4A7E6B8A1E58FA3E58CBAE6BBA8E6B19FE8B7AF',X'3130362E34363036373732383838353434',X'32392E3339313832383431353639393332'),
	(193,X'E7A68FE5BBBAE6B0B8E698A5E8889FE5B1B1E799BEE9A699E59BAD',X'E7A68FE5BBBAE79C81E6B389E5B79EE5B882E6B0B8E698A5E58EBF',X'3131382E3137343739',X'32352E3238313836'),
	(194,X'E99988E6809DE89393E5A4A7E5A4A7',X'E7A68FE5BBBAE79C81E58EA6E997A8E5B882E6809DE6988EE58CBAE58EA6E7A6BEE8B7AF363636E58FB7',X'3131382E3039353235',X'32342E343633323435'),
	(195,X'E58D97E6B5B7E5A4A9E59CB0E59BAD',X'E9878DE5BA86E5B882E5A4A7E6B8A1E58FA3E58CBAE8B7B3E58D97E8B7AF',X'3130362E34333039343334393835353736',X'32392E33383432313538333233393632'),
	(196,X'E985B7E88F9CE5869CE59CBA',X'E59B9BE5B79DE79C81E68890E983BDE5B882E983ABE983BDE58CBA',X'3130332E39363035313031383231353032',X'33302E3833393839323933303235323632'),
	(197,X'E6B5B7E6B780E58CBAE7B2BEE781B5E5869CE5BA84',X'E58C97E4BAACE5B882E6B5B7E6B780E58CBAE58D97E6B299E6B2B3E4B89CE8B7AF',X'3131362E32323639343838333431363035',X'34302E3039393930333230303832363235'),
	(198,X'E4B99DE58FB7E5B7A5E7A4BE',X'E58C97E4BAACE5B882E9A1BAE4B989E58CBAE5BCA0E59084E5BA84E8A5BFE585ADE8B7AF',X'3131362E3934303431',X'34302E3133313538'),
	(199,X'E98791E6B5B7E7949FE68081E5BA84E59BAD',X'E58C97E4BAACE5B882E9A1BAE4B989E58CBAE4B883E5A4A7E8B7AF',X'3131362E3933393335',X'34302E313234383836'),
	(200,X'E8A5BFE696B0E59F8EE69D91E9BB84E98791E89C9CE98787E69198E59BAD',X'E58C97E4BAACE5B882E6988CE5B9B3E58CBA',X'3131362E3434323334',X'34302E3232333633'),
	(201,X'E58C97E4BAACE4B89CE696B9E7A68FE59CB0E5869CE4B89AE8A782E58589E59BAD',X'E58C97E4BAACE5B882E5B9B3E8B0B7E58CBAE9A9ACE5A4A9E8B7AF',X'3131372E3030383232',X'34302E313137303737'),
	(202,X'E6B2B1E6B2B1E585ACE7A4BE',X'E58C97E4BAACE5B882E5B9B3E8B0B7E58CBAE4BA91E68993E8B7AF',X'3131372E303032343935',X'34302E313235393034'),
	(203,X'E8AFBAE4BA9AE5869CE59CBA',X'E58C97E4BAACE5B882E5B9B3E8B0B7E58CBAE4BA91E68993E8B7AF',X'3131362E3939353636',X'34302E3130303233'),
	(204,X'E88081E5BE90E6A183E59BAD',X'E58C97E4BAACE5B882E5B9B3E8B0B7E58CBAE4B89CE5B1B1E4B88BE8A5BFE8B7AF',X'3131362E3939343833',X'34302E323539393236'),
	(205,X'31393832E5869CE59CBA',X'E58C97E4BAACE5B882E9809AE5B79EE58CBAE5AE8BE7BF9FE8B7AF',X'3131362E3733333437',X'33392E3936343034'),
	(206,X'E585B4E4B89AE5869CE59CBA',X'E5B9BFE4B89CE79C81E4B89CE88E9EE5B882E585B4E4B89AE8B7AF',X'3131342E3030323339',X'32332E303235373035'),
	(207,X'E89C97E7899BE585ACE7A4BE',X'E6B19FE88B8FE79C81E58D97E9809AE5B882E9809AE5B79EE58CBAE79FB3E696B0E8B7AF',X'3132302E3937343338',X'33322E3232373338'),
	(208,X'E6B5B7E5AE9DE69C89E69CBAE88AB1E59BAD',X'E8B4B5E5B79EE79C81E8B4B5E998B3E5B882E4B98CE5BD93E58CBA',X'3130362E38393937333732363134313534',X'32362E3837313733363436343336343339'),
	(209,X'E5BAB7E4B98BE8AFBAE7949FE68081E5869CE59CBA',X'E6B996E58D97E79C81E982B5E998B3E5B882E6ADA6E58688E5B882',X'3131302E3538363532',X'32362E3838313831'),
	(210,X'E99D92E5A4A9E5AFA8E7949FE68081E5869CE5BA84',X'E6B996E58D97E79C81E995BFE6B299E5B882E69C9BE59F8EE58CBA',X'3131322E3830383839',X'32382E3235393832'),
	(211,X'E4BBA5E790B3E6B389E4BA95E5869CE59CBA',X'E6B996E58D97E79C81E5B2B3E998B3E5B882E5B9B3E6B19FE58EBF',X'3131332E3735303732',X'32382E3934353431'),
	(212,X'E685A2E59F8EE78E89E6B7B3E5B1B1E5BA84',X'E6B19FE88B8FE79C81E58D97E4BAACE5B882E6B19FE5AE81E58CBAE9BE99E585B6E7BABF',X'3131382E3934303732',X'33322E3037303237'),
	(213,X'E7A6BEE6B9BEE5869CE59CBA',X'E58C97E4BAACE5B882E6B5B7E6B780E58CBAE4B89CE59FA0E5A4B4E8B7AF',X'3131362E3231303135',X'34302E3035343538'),
	(214,X'E5B7B4E5B094E8998EE7949FE68081E789A7E59CBA',X'E58685E89299E58FA4E887AAE6B2BBE58CBAE591BCE4BCA6E8B49DE5B094E5B882E6B5B7E68B89E5B094E58CBA',X'3131392E37383838303937323230353933',X'34392E3233373137343739353234363634'),
	(215,X'E69A96E584BFE6B2B3E585BBE9B8ADE59CBA',X'E6B2B3E58C97E79C81E689BFE5BEB7E5B882E689BFE5BEB7E58EBFE587BAE6B5B7E8B7AF',X'3131382E3230383532',X'34302E3634393535'),
	(216,X'E5A4A7E59490E7949FE68081E5869CE789A7E59BAD',X'E6B996E58D97E79C81E68080E58C96E5B882E6BA86E6B5A6E58EBF',X'3131302E3435393333',X'32372E3337323638'),
	(217,X'E59CA3E68488E581A5E5BAB7E7AEA1E79086',X'E59B9BE5B79DE79C81E68890E983BDE5B882E58F8CE6B581E58CBAE6ADA3E5A4A7E8A1973733E58FB7',X'3130342E30353330363432343033333633',X'33302E3530343334353832343638333935'),
	(218,X'E59B9BE5B79DE58E9FE5A78BE782B9E585ACE79B8AE68EA8E5B9BFE4B8ADE5BF83',X'E59B9BE5B79DE79C81E68890E983BDE5B882E58F8CE6B581E58CBAE9A1BAE6B2B3E8A197323935E58FB7',X'3130342E30353330363432343033333633',X'33302E3530343234373930343439363836'),
	(219,X'E78F8DE6BA90E58492E5BAB7E58E9FE7949FE68081E69C89E69CBAE5869CE59CBA',X'E59B9BE5B79DE79C81E998BFE59D9DE8978FE6978FE7BE8CE6978FE887AAE6B2BBE5B79EE6B1B6E5B79DE58EBF',X'3130332E3239323031',X'33302E383833393732'),
	(220,X'E68891E79A84E5869CE59CBA',X'E59B9BE5B79DE79C81E68890E983BDE5B882E58F8CE6B581E58CBAE58F8CE6A5A0E5A4A7E98193',X'3130332E38393135373431303132303635',X'33302E3534383136313332383930383733'),
	(221,X'E68AACE4B8BEE6AF94E68891',X'E59B9BE5B79DE79C81E68890E983BDE5B882E6ADA6E4BEAFE58CBAE5A4A9E5BA9CE5A4A7E98193E4B8ADE6AEB531333838E58FB7',X'3130342E3036383735',X'33302E353334383939'),
	(222,X'E882B2E698A5E88D89E88E93E5BA84E59BAD',X'E99995E8A5BFE79C81E5BBB6E5AE89E5B882E5AD90E995BFE58EBFE5AD90E58D97E8B7AF',X'3130392E3737383434',X'33372E3136323933'),
	(223,X'E995BFE585B4E4BB8EE5898DE685A2E5869CE59CBA',X'E6B599E6B19FE79C81E6B996E5B79EE5B882E995BFE585B4E58EBFE6A285E7958EE7BABF',X'3131392E37363834313635373533393337',X'33302E3834383532383432353439333736'),
	(224,X'E5A48FE88C89E5869CE5BA84',X'E4B88AE6B5B7E5B882E6B5A6E4B89CE696B0E58CBAE9AB98E6A1A5E8B7AF333835E58FB7',X'3132312E3732373839',X'33312E3136323134'),
	(225,X'E6B8A9E5B79EE4B99DE59F8EE58DB0E8B1A1',X'E6B599E6B19FE79C81E6B8A9E5B79EE5B882E5B9B3E998B3E58EBF',X'3132302E3538383232',X'32372E3639393234'),
	(226,X'E6ACA7E5AEB6E5869CE59CBA',X'E5B9BFE4B89CE79C81E5B9BFE5B79EE5B882E5A4A9E6B2B3E58CBAE9BB84E59F94E5A4A7E98193E8A5BF',X'3131332E333139363336323132343031',X'32332E3132373330333836303534373235'),
	(227,X'E592AFE68891E79C8BE7A9BAE997B4',X'E5B1B1E4B89CE79C81E6BD8DE59D8AE5B882E5A58EE69687E58CBAE58C97E6B5B7E8B7AF363838E58FB7',X'3131392E313536323936',X'33362E373233373636'),
	(228,X'E6B58BE8AF95E5869CE59CBA',X'E5A4A9E6B4A5E5B882E5928CE5B9B3E58CBAE79DA6E58D97E9819332E887B334E58FB7',X'3131372E3230393438',X'33392E3131353932'),
	(229,X'E5898DE5B08FE6A194E5889BE6848FE5869CE59CBA',X'E4B88AE6B5B7E5B882E5B487E6988EE58CBAE587A4E587B0E585ACE8B7AF31353939E58FB7',X'3132312E36393835393834323930343131',X'33312E3430383132363234353932393738'),
	(230,X'E8B5B5E6B19FE5869CE59CBA',X'E59B9BE5B79DE79C81E7BBB5E998B3E5B882E6B6AAE59F8EE58CBAE8A5BFE5B1B1E4B89CE8B7AF3539E58FB7',X'3130342E37343037323733393636373233',X'33312E3437393231303935313239343232'),
	(231,X'E799BDE4BA91E8939DE5A4A9',X'E59B9BE5B79DE79C81E68890E983BDE5B882E6ADA6E4BEAFE58CBAE5A4A9E5BA9CE5A4A7E98193E4B8ADE6AEB531333838E58FB7',X'3130342E3036383636',X'33302E3533333835'),
	(232,X'E8A789E5BE97E5B0B1E694BEE58187',X'E59B9BE5B79DE79C81E7BBB5E998B3E5B882E6B6AAE59F8EE58CBAE58C97E8A19734362D39E58FB7',X'3130342E37353237383835343731353538',X'33312E3436313835333830373638333231'),
	(233,X'E6B58BE8AF95E4B880E4B88B',X'E5B1B1E4B89CE79C81E88F8FE6B3BDE5B882E789A1E4B8B9E58CBAE995BFE6B299E8B7AF',X'3131352E35313035313739313630373036',X'33352E3232363433363238383832373134'),
	(234,X'E59490E4BC9FE79A84E5869CE59CBA',X'E59B9BE5B79DE79C81E7BBB5E998B3E5B882E6B6AAE59F8EE58CBA',X'3130342E3636363738',X'33312E343439393732'),
	(235,X'E88AA6E6BAAAE58EBFE88AA6E6BAAAE99587E9BB84E6B08FE5AEB6E5BAADE5869CE59CBA',X'E6B19FE8A5BFE79C81E8908DE4B9A1E5B882E88AA6E6BAAAE58EBF333230E59BBDE98193',X'3131342E3039303136',X'32372E363630323239'),
	(236,X'E697BAE697BAE5869CE59CBA',X'E7A68FE5BBBAE79C81E7A68FE5B79EE5B882E7A68FE6B885E5B882323031E79C81E98193',X'3131392E3333363635',X'32352E343937343635'),
	(237,X'E6B19FE59F8EE6BAA2E58F8BE5AEB6E5BAADE5869CE59CBA',X'E4BA91E58D97E79C81E699AEE6B4B1E5B882E6B19FE59F8EE59388E5B0BCE6978FE5BD9DE6978FE887AAE6B2BBE58EBF',X'3130312E37313637363638323835313934',X'32322E3537303536323035353832393334'),
	(238,X'E9A39FE69D90E88AB1E59BAD',X'E58C97E4BAACE5B882E6988CE5B9B3E58CBAE7A7A6E4B88AE8B7AF',X'3131362E3338303833',X'34302E3133363939'),
	(239,X'E5A48FE5A883E5869CE59CBA',X'E5B9BFE4B89CE79C81E99FB6E585B3E5B882E6ADA6E6B19FE58CBA333232E58EBFE98193',X'3131332E34343038353835383832323633',X'32342E3835363732393532303431313935'),
	(240,X'E5869CE69CACE585B1E4BAAB',X'E6B2B3E58C97E79C81E4BF9DE5AE9AE5B882E5BE90E6B0B4E58CBA',X'3131352E3438373639',X'33382E3939323734'),
	(241,X'3131313131313131',X'E5B9BFE4B89CE79C81E4B89CE88E9EE5B882E585B4E4B89AE8B7AF',X'3131342E3030323437',X'32332E303235373135'),
	(242,X'E6998FE5BD92E5869CE59CBA',X'E6B19FE8A5BFE79C81E58D97E6988CE5B882E99D92E4BA91E8B0B1E58CBAE8BF8EE5AEBEE5A4A7E98193393930E58FB7',X'3131352E3930363634',X'32382E3539353431'),
	(243,X'E7899BE6B9BEE5B29BE5A4A9E784B6E789A7E59CBA',X'E6B19FE8A5BFE79C81E5AE9CE698A5E5B882E6A89FE6A091E5B882',X'3131352E3537323734',X'32382E313234313732'),
	(244,X'E59B9BE5B79DE58E9FE5A78BE782B9E585ACE79B8AE68EA8E5B9BFE4B8ADE5BF83',X'E59B9BE5B79DE79C81E68890E983BDE5B882E58F8CE6B581E58CBAE9A1BAE6B2B3E8A197323935E58FB7',X'3130342E3035333039',X'33302E35303431'),
	(245,X'E5A3B9E590AFE5869CE59CBA',X'E5B1B1E8A5BFE79C81E8BF90E59F8EE5B882E79B90E6B996E58CBAE58099E5AE89E585ACE8B7AF',X'3131312E3034303036',X'33352E3037313936'),
	(246,X'E8B68AE993ADE5869CE4B89AE78C95E78CB4E6A183E59FBAE59CB0',X'E6B996E58D97E79C81E6B998E8A5BFE59C9FE5AEB6E6978FE88B97E6978FE887AAE6B2BBE5B79EE6B0B8E9A1BAE58EBF',X'3131302E30343538363439323438303235',X'32382E3836353139313432363039303935'),
	(247,X'E59B9BE5B79DE58E9FE5A78BE782B9E585ACE79B8AE68EA8E5B9BFE4B8ADE5BF83',X'E59B9BE5B79DE79C81E68890E983BDE5B882E58F8CE6B581E58CBAE9A1BAE6B2B3E8A197323935E58FB7',X'3130342E30353330363432343033333633',X'33302E3530343330393130343632353339'),
	(248,X'E6BD98E6B69BE69EA3E59BAD',X'E58C97E4BAACE5B882E4B8B0E58FB0E58CBAE8BE9BE5BA84E58D97E8B7AF',X'3131362E3134393131',X'33392E3834323533'),
	(249,X'E69E9CE8888DE5A4A9E9A699E794B0E59BADE7BBBCE59088E4BD93',X'E8B4B5E5B79EE79C81E8B4B5E998B3E5B882E88AB1E6BAAAE58CBAE9BB94E999B6E8A5BFE8B7AF',X'3130362E3731383138',X'32362E333338373839'),
	(250,X'E5869CE59B9BE5B888E585ADE58D81E4B883E59BA2',X'E696B0E79686E7BBB4E590BEE5B094E887AAE6B2BBE58CBAE58FAFE5858BE8BEBEE68B89E5B882E58FAFE5858BE8BEBEE68B89E5B882333133E79C81E98193',X'38302E3734333033',X'34332E3735323331'),
	(251,X'E5A4A7E696B9E5869CE59CBA',X'E5B9BFE8A5BFE5A3AEE6978FE887AAE6B2BBE58CBAE58D97E5AE81E5B882E6ADA6E9B8A3E58CBA',X'3130382E3332303934',X'32332E303832393831'),
	(252,X'E88B97E5A49AE5A49AE5869CE59CBA',X'E59B9BE5B79DE79C81E68890E983BDE5B882E696B0E983BDE58CBAE696B0E4B89AE8B7AF',X'3130342E32323830343332363333313038',X'33302E3738343830353037373137343537'),
	(253,X'E590AFE696B0E5869CE59CBA',X'E58C97E4BAACE5B882E9A1BAE4B989E58CBAE88081E5BCA0E5AD99E8B7AF',X'3131362E39343839',X'34302E313136323837'),
	(254,X'E997BDE6B885E58EBFE799BDE4B8ADE6BA90E587A4E5AEB6E5BAADE5869CE59CBA',X'E7A68FE5BBBAE79C81E7A68FE5B79EE5B882E997BDE6B885E58EBF',X'3131382E3734333334',X'32362E3132393734'),
	(255,X'E997BDE6B885E58EBFE799BDE4B8ADE6BA90E587A4E5AEB6E5BAADE5869CE59CBA',X'E7A68FE5BBBAE79C81E7A68FE5B79EE5B882E997BDE6B885E58EBF',X'3131382E3734333334',X'32362E3132393734'),
	(256,X'E8819AE6BBA1E6BA90E58E9FE7949FE68081E5869CE59CBA',X'E5B1B1E4B89CE79C81E697A5E785A7E5B882E88E92E58EBF',X'3131382E3931363132',X'33352E353332303035'),
	(257,X'E8B4A4E9B281E5B29BE585B1E4BAABE697A0E88AB1E69E9CE4BAB2E5AD90E5869CE59CBA',X'E5B9BFE4B89CE79C81E4BD9BE5B1B1E5B882E58D97E6B5B7E58CBAE98791E8B4A4E8B7AF',X'3131332E3137313038',X'32332E3234353831'),
	(258,X'E4BA94E5B8B8E99FA9E5AEB6E5B1AFE5869CE4B89A',X'E9BB91E9BE99E6B19FE79C81E59388E5B094E6BBA8E5B882E4BA94E5B8B8E5B882',X'3132372E3231393439',X'34342E3933383432'),
	(259,X'E5BC80E5BF83E5869CE59CBA',X'E5B9BFE4B89CE79C81E4BD9BE5B1B1E5B882E7A685E59F8EE58CBAE6B5B7E58FA3E5A4A7E981933939E58FB7',X'3131332E30363934383435343138363036',X'32332E303133353334383730373230303836'),
	(260,X'E6B58BE8AF95E5869CE59CBA',X'E5B9BFE4B89CE79C81E4BD9BE5B1B1E5B882E7A685E59F8EE58CBAE699BAE685A7E8B7AF',X'3131332E3035373433',X'32332E303034333234'),
	(261,X'E4BC9AE6B0B4E6A5BCE69C89E69CBAE5869CE59CBA',X'E5B9BFE4B89CE79C81E683A0E5B79EE5B882E683A0E998B3E58CBAE5B086E5869BE8B7AF',X'3131342E3432333730373339323736313934',X'32322E3835363039373332383739333533'),
	(262,X'E58C97E4BAACE5BBB6E5BA86E5869CE9A699E6B593E88D89E88E93E68EA1E69198E59BAD',X'E58C97E4BAACE5B882E5BBB6E5BA86E58CBAE5BAB7E5BCA0E8B7AF',X'3131352E3839363535',X'34302E343137363735'),
	(263,X'E88081E5B3AAE6B29FE58E9FE7949FE68081E5869CE5BA84',X'E58C97E4BAACE5B882E6988CE5B9B3E58CBAE88081E4B89CE8B7AF',X'3131352E3932363735',X'34302E313737313133'),
	(264,X'E5869CE6B091E5A4A7E593A5E88D89E88E93E59BAD',X'E9878DE5BA86E5B882E5B7B4E58D97E58CBAE5869CE799BEE8B7AF',X'3130362E3530373338373631303136313534',X'32392E333032313638303639363638343538'),
	(265,X'E6A183E6BA90E58EBFE59095E5869CE5A4ABE887AAE784B6E5869CE5BA84',X'E6B996E58D97E79C81E5B8B8E5BEB7E5B882E6A183E6BA90E58EBF',X'3131312E3436333032',X'32392E3230323233'),
	(266,X'E7A2A7E6B299E69D91E69C89E69CBAE5869CE59CBA',X'E5AE81E5A48FE59B9EE6978FE887AAE6B2BBE58CBAE993B6E5B79DE5B882E6B0B8E5AE81E58EBFE6B0B8E9BB84E8B7AF',X'3130362E3038313631',X'33382E323439373633'),
	(267,X'E79A87E5AEB6E69E9CE59BAD',X'E59B9BE5B79DE79C81E68890E983BDE5B882E983BDE6B19FE5A0B0E5B882E58EBFE98193413234',X'3130332E3635333637',X'33302E3832383532'),
	(268,X'E4B88AE6B5B7E7BCAAE5B094E7949FE68081E5869CE4B89AE7A094E4B9A0E59FBAE59CB0',X'E4B88AE6B5B7E5B882E99D92E6B5A6E58CBAE5B291E58D9CE8B7AF',X'3132302E3933363634',X'33312E3035363238'),
	(269,X'E59095E59084E5BA84E88081E5BCA0E88D89E88E93E59BAD',X'E58C97E4BAACE5B882E6988CE5B9B3E58CBAE998BFE7899BE8B7AF',X'3131362E333633363836',X'34302E313338353034'),
	(270,X'313539E69D82E7B2AEE7B2A5',X'E5B1B1E8A5BFE79C81E5A4AAE58E9FE5B882E6998BE6BA90E58CBAE8B49EE8A782E8A197',X'3131322E3436363734',X'33372E3731363132'),
	(271,X'E5AFBBE591B32EE98187E8A781',X'E5B1B1E8A5BFE79C81E5A4AAE58E9FE5B882E6998BE6BA90E58CBAE8B49EE8A782E8A197',X'3131322E3436363735',X'33372E3731363136'),
	(272,X'E5BEB7E69C89E9B29CE7949FE68081E5869CE59CBA',X'E5B1B1E4B89CE79C81E6BD8DE59D8AE5B882E5AE89E4B898E5B882E69CB1E5AD94E8B7AF',X'3131382E3936323734',X'33362E3136393736'),
	(273,X'E7839FE58FB0E5B882E4BDB3E790B3E8939DE88E93E5AEB6E5BAADE5869CE59CBA',X'E5B1B1E4B89CE79C81E7839FE58FB0E5B882E68B9BE8BF9CE5B882',X'3132302E32343734',X'33372E3434363436'),
	(274,X'E4BA91E88CB6E59BADE4BD9BE880B3E5B1B1E59FBAE59CB0',X'E7A68FE5BBBAE79C81E6B389E5B79EE5B882E5AE89E6BAAAE58EBF',X'3131372E3638333734',X'32352E313134313935'),
	(275,X'E689BFE5BEB7E58EBFE5BBB7E69687E69E9CE59381E7A78DE6A48DE59088E4BD9CE7A4BE',X'E6B2B3E58C97E79C81E689BFE5BEB7E5B882E689BFE5BEB7E58EBF',X'3131382E3438323539',X'34302E3831393838'),
	(276,X'E6B3BDE8A395E69E9CE59381E59088E4BD9CE7A4BE',X'E79498E88283E79C81E5A4A9E6B0B4E5B882E9BAA6E7A7AFE58CBA',X'3130352E3637303037',X'33342E3731373431'),
	(277,X'E99995E8A5BFE6B49BE5B79DE88BB9E69E9CE59BADE58CBA',X'E99995E8A5BFE79C81E5BBB6E5AE89E5B882E6B49BE5B79DE58EBF333034E79C81E98193',X'3130392E3434343237',X'33352E3732353038'),
	(278,X'E590ACE69DBEE8B0B7E5869CE59CBA',X'E6B2B3E58C97E79C81E689BFE5BEB7E5B882E6BBA6E5B9B3E58EBF333533E79C81E98193',X'3131362E3834333439',X'34302E383732303933'),
	(279,X'E7A59EE5869CE5869CE59CBA',X'E6B2B3E58C97E79C81E59490E5B1B1E5B882E8BF81E8A5BFE58EBF',X'3131382E3338393932',X'34302E3030323635'),
	(280,X'E5B08FE5A589E58C96E5BA86E4B8ADE5AEB6E5BAADE5869CE59CBA',X'E6B2B3E58C97E79C81E79FB3E5AEB6E5BA84E5B882E89781E59F8EE58CBA',X'3131342E3730383731',X'33382E3230383137'),
	(281,X'E6988CE5B9B3E985B7E5869CE7949FE68081E59BAD2DE88D89E88E93E59FBAE59CB0',X'E58C97E4BAACE5B882E6988CE5B9B3E58CBAE6988CE6B581E8B7AF',X'3131362E3230313037',X'34302E313931363136'),
	(282,X'E5BB8AE59D8AE9BC8EE7A5A5E5AEB6E5BAADE5869CE59CBA',X'E6B2B3E58C97E79C81E5BB8AE59D8AE5B882E5A4A7E59F8EE58EBF',X'3131362E3532303936',X'33382E3733303334'),
	(283,X'E99995E8A5BFE992B0E6BA90E7949FE68081E5869CE4B89A',X'E99995E8A5BFE79C81E6B8ADE58D97E5B882E892B2E59F8EE58EBF',X'3130392E38333733303431313731303939',X'33352E3035373130363139343732363134'),
	(284,X'E59CB0E78EAFE8A784E6A8A1E7A78DE6A48DE59FBAE59CB0',X'E58685E89299E58FA4E887AAE6B2BBE58CBAE98482E5B094E5A49AE696AFE5B882E8BEBEE68B89E789B9E69797E8A7A3E69FB4E7BABF',X'3130392E3831363335',X'34302E343231303437'),
	(285,X'E4B99DE5A791E5A898E5869CE5AEB6E999A2',X'E6B2B3E58C97E79C81E689BFE5BEB7E5B882E4B8B0E5AE81E6BBA1E6978FE887AAE6B2BBE58EBF323434E79C81E98193',X'3131362E3430323333',X'34312E33363839'),
	(286,X'E99995E8A5BFE998B3E58589E69E9CE4B89AE59088E4BD9CE7A4BE',X'E99995E8A5BFE79C81E592B8E998B3E5B882E4B889E58E9FE58EBF',X'3130392E3030333032',X'33342E3737313233'),
	(287,X'E88283E5AE81E58EBFE585A8E5BF97E5869CE59CBA',X'E6B2B3E58C97E79C81E6B2A7E5B79EE5B882E88283E5AE81E58EBF',X'3131362E3032303139',X'33382E3430303631'),
	(288,X'E99D92E5B29BE4B89CE9B281E5869CE4B89AE585ACE59BAD',X'E5B1B1E4B89CE79C81E99D92E5B29BE5B882E88EB1E8A5BFE5B882E4BA94E5B2B3E8B7AF',X'3132302E3331393032',X'33372E3035323735'),
	(289,X'E99D92E5B29BE4B89CE9B281E5869CE4B89AE4BC91E997B2E8A782E58589E59BAD',X'E5B1B1E4B89CE79C81E99D92E5B29BE5B882E88EB1E8A5BFE5B882E4BA94E5B2B3E8B7AF',X'3132302E3331393032',X'33372E3035323735'),
	(290,X'E4B99DE5A791E5A898E5869CE5AEB6E999A2',X'E6B2B3E58C97E79C81E689BFE5BEB7E5B882E4B8B0E5AE81E6BBA1E6978FE887AAE6B2BBE58EBF323434E79C81E98193',X'3131362E3430323333',X'34312E33363839'),
	(291,X'E5BBB6E8BEB9E6B4AAE78E89E59088E4BC99E4B893E4B89AE5869CE59CBA',X'E59089E69E97E79C81E5BBB6E8BEB9E69C9DE9B29CE6978FE887AAE6B2BBE5B79EE5BBB6E59089E5B882',X'3132392E3437313836',X'34322E3837393039'),
	(292,X'E4B88AE6B5B7E788BDE5BFABE5869CE4B89AE59088E4BD9CE7A4BE',X'E4B88AE6B5B7E5B882E6B5A6E4B89CE696B0E58CBAE5BBBAE4B8ADE8B7AF31323538E58FB7',X'3132312E3834353233',X'33312E3032343338'),
	(293,X'E4B883E7BAA6E5869CE59CBA',X'E5AE89E5BEBDE79C81E9BB84E5B1B1E5B882E9BB9FE58EBF',X'3131372E3930363331',X'32392E3839383438'),
	(294,X'E59088E882A5E7BAA2E5BF83E781ABE9BE99E69E9CE7A78DE6A48DE59FBAE59CB0',X'E5AE89E5BEBDE79C81E59088E882A5E5B882E995BFE4B8B0E58EBF',X'3131372E3135323331313833373037363133',X'33322E3030353534333939373237323732'),
	(295,X'E882A5E8A5BFE78E96E9B8A3E5AEB6E5BAADE5869CE59CBA',X'E5AE89E5BEBDE79C81E59088E882A5E5B882E882A5E8A5BFE58EBF',X'3131362E38393431303138313835363836',X'33312E3737343038383432303437393039'),
	(296,X'E89299E58FA4E789A7E9A699E7949FE68081E5869CE4B89AE69C89E99990E585ACE58FB8',X'E58685E89299E58FA4E887AAE6B2BBE58CBAE591BCE4BCA6E8B49DE5B094E5B882E6898EE585B0E5B1AFE5B882333132E58EBFE98193',X'3132312E3634353234',X'34372E3231363039'),
	(297,X'E892B2E6B19FE58EBFE696B9E6B29FE6B996E585BBE6AE96E59088E4BD9CE7A4BE',X'E59B9BE5B79DE79C81E68890E983BDE5B882E892B2E6B19FE58EBFE4BAACE69886E9AB98E9809FE585ACE8B7AF',X'3130332E3637393735',X'33302E323732373738'),
	(298,X'E58C97E4BAACE5B08FE69893E88BB9E69E9CE98787E69198E59BAD',X'E58C97E4BAACE5B882E6988CE5B9B3E58CBAE6988CE5B494E8B7AF',X'3131362E333238313536',X'34302E323231303433'),
	(299,X'E585B4E5AFBFE69DBEE6A285E98787E69198E59BAD',X'E58C97E4BAACE5B882E6988CE5B9B3E58CBAE6A183E8A5BFE8B7AF',X'3131362E3433363339',X'34302E3231323538'),
	(300,X'E6A1A6E58D97E58EBFE5A48FE88081E5A4A7E69C89E69CBAE5869CE59CBA',X'E9BB91E9BE99E6B19FE79C81E4BDB3E69CA8E696AFE5B882E6A1A6E58D97E58EBFE696B0E585B4E8B7AF313132E58FB7',X'3133302E3536353938',X'34362E323339353836'),
	(301,X'E5BEA1E5909BE79C89E69C89E69CBAE88CB6E59BAD',X'E5B9BFE8A5BFE5A3AEE6978FE887AAE6B2BBE58CBAE69FB3E5B79EE5B882E4B889E6B19FE4BE97E6978FE887AAE6B2BBE58EBF383638E58EBFE98193',X'3130392E3232363431',X'32352E3732333837'),
	(302,X'E698A5E88ABDE689B6E8B4ABE7949FE68081E5869CE4B89A31E58FB7E59FBAE59CB0',X'E5B9BFE8A5BFE5A3AEE6978FE887AAE6B2BBE58CBAE69FB3E5B79EE5B882E4B889E6B19FE4BE97E6978FE887AAE6B2BBE58EBF',X'3130392E3230313331',X'32352E37333938'),
	(303,X'E4BAACE682A6E7949FE68081E5869CE5BA84',X'E58C97E4BAACE5B882E6988CE5B9B3E58CBAE5AD9FE889AFE8B7AF',X'3131362E333239',X'34302E3137393434'),
	(304,X'E4B8AAE4BD93E7BB8FE890A5',X'E4BA91E58D97E79C81E699AEE6B4B1E5B882E5AD9FE8BF9EE582A3E6978FE68B89E7A59CE6978FE4BDA4E6978FE887AAE6B2BBE58EBFE58D97E99B85E585ACE8B7AF',X'39392E3539383139',X'32322E333732323832'),
	(305,X'E69292E9878EE5869CE5BA84',X'E5B9BFE4B89CE79C81E4B89CE88E9EE5B882E4B89CE6B19FE5A4A7E98193',X'3131342E3130313835',X'32322E393839343731'),
	(306,X'E58D87E998B3E5869CE59CBA',X'E4BA91E58D97E79C81E69886E6988EE5B882E5AE89E5AE81E5B882E5AE89E5AF8CE8B7AF',X'3130322E33343133',X'32352E303030303633'),
	(307,X'E6A190E59F8EE5B882E9A1BAE4B8B0E5AEB6E5BAADE5869CE59CBA',X'E5AE89E5BEBDE79C81E5AE89E5BA86E5B882E6A190E59F8EE5B882',X'3131372E3131353233',X'33312E313034323237'),
	(308,X'E59694E4B9A1E4BFA1E5869CE59CBA',X'E58C97E4BAACE5B882E6B5B7E6B780E58CBAE6B8A9E58C97E8B7AF',X'3131362E3133303739',X'34302E303936'),
	(309,X'E69C9BE983BDE58EBFE88081E6B2B3E5AEB6E5BAADE5869CE59CBA',X'E6B2B3E58C97E79C81E4BF9DE5AE9AE5B882E69C9BE983BDE58EBF',X'3131352E3130363732',X'33382E373033333335'),
	(310,X'E99B84E58EBFE7B1B3E5AEB6E58AA1E99587E6B091E5969CE5869CE59CBA',X'E6B2B3E58C97E79C81E4BF9DE5AE9AE5B882E99B84E58EBF',X'3131362E3233363833',X'33392E3133313535'),
	(311,X'E998BFE9A39EE7A78DE6A48DE5A4A7E688B7',X'E6B2B3E58C97E79C81E4BF9DE5AE9AE5B882E6BBA1E59F8EE58CBA313037E59BBDE98193',X'3131352E3235353936',X'33382E3736353234'),
	(312,X'E69893E58EBFE5BDA9E5B3AAE5AEB6E5BAADE5869CE59CBA',X'E6B2B3E58C97E79C81E4BF9DE5AE9AE5B882E69893E58EBF',X'3131352E3037323631',X'33392E3531323238'),
	(313,X'E9A9ACE5A0A1E69D91E8AF9AE4BFA1E59088E4BD9CE7A4BE',X'E6B2B3E58C97E79C81E4BF9DE5AE9AE5B882E5AE89E696B0E58EBFE8B68AE5A0A4E8B7AF',X'3131352E3936383836',X'33382E3836353538'),
	(314,X'E698A5E88095E7A78BE5AE9E',X'E58C97E4BAACE5B882E6988CE5B9B3E58CBAE58D97E8BE9BE58CBAE8B7AF',X'3131362E3336363331323635373736383433',X'34302E3231323931353432343837373935'),
	(315,X'E8A1A1E998B3E58EBFE5A5A5E4BC9FE7949FE68081E5869CE4B89A',X'E6B996E58D97E79C81E8A1A1E998B3E5B882E8A1A1E998B3E58EBF',X'3131322E3432393434',X'32372E313536303436'),
	(316,X'E9B8BFE991ABE5869CE4B89AE4BC98E88F9CE4BC98E7949FE6B4BBE5869CE59CBA',X'E8B4B5E5B79EE79C81E9BB94E8A5BFE58D97E5B883E4BE9DE6978FE88B97E6978FE887AAE6B2BBE5B79EE585B4E4B989E5B882',X'3130342E3838303135',X'32352E30303233'),
	(317,X'E6BD9CE5B1B1E58EBFE9A9BEE99BBEE69D91E889AFE9A39EE5AEB6E5BAADE5869CE59CBA',X'E5AE89E5BEBDE79C81E5AE89E5BA86E5B882E6BD9CE5B1B1E58EBF',X'3131362E3431323738',X'33302E363439363333'),
	(318,X'E991ABE6809DE7BC98E5869CE4B89AE7A78DE6A48DE4B893E4B89AE59088E4BD9CE7A4BE',X'E58685E89299E58FA4E887AAE6B2BBE58CBAE9809AE8BEBDE5B882E5BC80E9B281E58EBF',X'3132312E323130393435',X'34332E363234333137'),
	(319,X'E78EABE791B0E5BA84E59BADE7949FE68081E5869CE59CBAE38082E38082',X'E4B88AE6B5B7E5B882E5B487E6988EE58CBA303637E4B9A1E98193',X'3132312E373039373234',X'33312E353438333836'),
	(320,X'E5A4A9E4BD91E5AE89E5869CE59CBA',X'E58C97E4BAACE5B882E6988CE5B9B3E58CBA',X'3131362E3137313037393036323633303137',X'34302E3234313733303232313639333733'),
	(321,X'E7BE8EE585B0E5869CE59CBA',X'E6B19FE88B8FE79C81E689ACE5B79EE5B882E5AE9DE5BA94E58EBF333034E58EBFE98193',X'3131392E3531393537383938373739373634',X'33332E313338373336313737373933343035'),
	(322,X'E58C97E4BAACE594AFE78F8DE7949FE68081E5869CE4B89A',X'E58C97E4BAACE5B882E5BBB6E5BA86E58CBAE9A699E9BE99E8B7AF',X'3131362E3230383138',X'34302E3538333338'),
	(323,X'E5A4A7E8BF9EE4BA91E781ABE5869CE4B89AE7949FE68081E7A78DE6A48DE59BAD',X'E8BEBDE5AE81E79C81E5A4A7E8BF9EE5B882E5BA84E6B2B3E5B882E5A48DE69DA8E7BABF',X'3132332E303033333334',X'33392E373936363432'),
	(324,X'E58FA4E98193E5869CE59CBAE38090E7BBBFE889B2E5BA84E59BADE38091',X'E5A4A9E6B4A5E5B882E99D99E6B5B7E58CBAE59490E78E8BE8B7AF',X'3131372E3130333232',X'33382E3737323931'),
	(325,X'E5A48FE6B4A5E4B990E5869CE69C89E69CBAE894ACE88F9CE5869CE59CBA',X'E5B1B1E4B89CE79C81E5BEB7E5B79EE5B882E5A48FE6B4A5E58EBF',X'3131362E3138313833',X'33372E30373031'),
	(326,X'31393832E5869CE59CBA',X'E58C97E4BAACE5B882E9809AE5B79EE58CBA303436E4B9A1E98193',X'3131362E3733333436303332393235393239',X'33392E393634303437393830353830313535'),
	(327,X'E5B9B3E696B0E9A39FE794A8E88F8C',X'E6B2B3E58C97E79C81E4BF9DE5AE9AE5B882E6B69EE6B0B4E58EBFE694BFE5BA9CE8A197',X'3131352E323932333636',X'33392E3634353235'),
	(328,X'E4BA94E6B996E59B9BE6B5B7',X'E5B1B1E8A5BFE79C81E8BF90E59F8EE5B882E4B8B4E78C97E58EBF323039E59BBDE98193',X'3131302E37323339',X'33352E323434333636'),
	(329,X'E6B58BE8AF95E6B58BE8AF95',X'E58C97E4BAACE5B882E69C9DE998B3E58CBAE58D97E6B996E8A5BFE59BADE58D97E8B7AF',X'3131362E3435323535323031343637303836',X'33392E393933393539393938313731343736'),
	(330,X'E6B58BE8AF95E6B58BE8AF95',X'E58C97E4BAACE5B882E69C9DE998B3E58CBAE58D97E6B996E8A5BFE59BADE58D97E8B7AF',X'3131362E34353238',X'33392E393933383234'),
	(331,X'E592AFE592AFE593A6E592AFE593A6',X'E58C97E4BAACE5B882E69C9DE998B3E58CBAE58D97E6B996E8A5BFE59BADE58D97E8B7AF',X'3131362E3435323739333532313830363534',X'33392E393933363936303639383433353434'),
	(332,X'E69DBEE8B0B7E69C89E69CBAE88CB6E59FBAE59CB0',X'E5AE89E5BEBDE79C81E9BB84E5B1B1E5B882E9BB84E5B1B1E58CBA',X'3131382E3039323834',X'33302E3138353331'),
	(333,X'E683A0E5B79EE5B882E5AE89E5A2A9E4BB99E69F9AE59BADE59088E4BD9CE7A4BE',X'E5B9BFE4B89CE79C81E683A0E5B79EE5B882E683A0E4B89CE58EBF393135E4B9A1E98193',X'3131352E30323231',X'32332E3136383437'),
	(334,X'E8818CE5869CE88194E5889BE5869CE4B89AE59BAD',X'E6B996E58D97E79C81E995BFE6B299E5B882E5AE81E4B9A1E5B882303937E58EBFE98193',X'3131322E33303236333534353736313532',X'32382E313037363931303839323735393935'),
	(335,X'E4B88AE6B5B7E7BE8EE6A8B1E7949FE68081E5869CE4B89A',X'E4B88AE6B5B7E5B882E69DBEE6B19FE58CBAE696B0E69DBEE8B7AF363030E58FB7',X'3132312E3132343933',X'33302E3939343632'),
	(336,X'E4B880E5A2A9E99D92E6B0B8E7BBADE5869CE88095',X'E6B2B3E58C97E79C81E5BCA0E5AEB6E58FA3E5B882E68080E5AE89E58EBF',X'3131342E353733313636',X'34302E34373533'),
	(337,X'E4BC8AE698A5E8939DE6A2A6E69C89E69CBAE5869CE59CBA',X'E9BB91E9BE99E6B19FE79C81E4BC8AE698A5E5B882E99381E58A9BE5B882',X'3132382E3135353139363438343934323534',X'34362E3936313637383638323030333036'),
	(338,X'E6B58BE8AF95E6B58BE8AF95',X'E58C97E4BAACE5B882E69C9DE998B3E58CBAE58D97E6B996E8A5BFE59BADE58D97E8B7AF',X'3131362E3435323635383536313933363534',X'33392E393933383133303639313235303735'),
	(339,X'E6B58BE8AF95E6B58BE8AF95',X'E58C97E4BAACE5B882E69C9DE998B3E58CBAE58D97E6B996E8A5BFE59BADE58D97E8B7AF',X'3131362E3435323436363737363835383233',X'33392E393933393539393938313731343736'),
	(340,X'E5AEB6E5BAADE5869CE59CBA',X'E6B2B3E58C97E79C81E6B2A7E5B79EE5B882E6B38AE5A4B4E5B882',X'3131362E3537303133',X'33382E313335343634'),
	(341,X'E59091E697A5E891B5E5B08FE999A2',X'E4B88AE6B5B7E5B882E6B5A6E4B89CE696B0E58CBAE69BB9E6B2BBE8A5BFE8B7AF',X'3132312E3633303337',X'33302E393939323435'),
	(342,X'E58E9FE9A39FE69C89E69CBAE5869CE5BA84',X'E58685E89299E58FA4E887AAE6B2BBE58CBAE4B98CE585B0E5AF9FE5B883E5B882E5AF9FE59388E5B094E58FB3E7BFBCE5898DE69797',X'3131332E34303935383334313431353136',X'34312E3031343837393337363638333131'),
	(343,X'E99D92E6B5B7E586ACE899ABE5A48FE88D89EFBD9EE9BB91E69EB8E69D9EE689B9E58F91',X'E99D92E6B5B7E79C81E8A5BFE5AE81E5B882E59F8EE4B89CE58CBAE58BA4E5A58BE5B7B7',X'3130312E3831313238313335363233393932',X'33362E3631343134393635373339343237'),
	(344,X'E585ADE9B0B2E789A7E9A2A8E5AEB6E5BAADE8BEB2E5A0B4',X'E7A68FE5BBBAE79C81E6BCB3E5B79EE5B882E6BCB3E6B5A6E58EBF',X'3131372E373539363035',X'32332E393339373938'),
	(345,X'E587A4E5A4B4E5B1B1E5AEB6E5BAADE5869CE59CBA',X'E59B9BE5B79DE79C81E5BEB7E998B3E5B882E4B8ADE6B19FE58EBF',X'3130342E3538383037',X'33312E3037383332'),
	(346,X'E4B89CE9B281E5869CE59CBA',X'E5B1B1E4B89CE79C81E99D92E5B29BE5B882E88EB1E8A5BFE5B882E4BA94E5B2B3E8B7AF',X'3132302E3331393134',X'33372E3035323738'),
	(347,X'E9B281E79B9BE5869CE4B89A',X'E5B1B1E4B89CE79C81E6BD8DE59D8AE5B882E6988CE4B990E58EBFE88AB1E983BDE5A4A7E98193',X'3131382E3830343136',X'33362E36363834'),
	(348,X'E7BBBFE89CBBE89C93E7949FE68081E5869CE59CBA',X'E58C97E4BAACE5B882E9809AE5B79EE58CBAE5B08FE99D9BE8B7AF',X'3131362E373631363638373135333536',X'33392E3830333936323636303937323638'),
	(349,X'E2809CE59CB0E6A087E4B98BE983BDE2809D',X'E5B1B1E4B89CE79C81E5BEB7E5B79EE5B882E5BEB7E59F8EE58CBAE4B889E585ABE4B89CE8B7AF',X'3131362E3335393238',X'33372E3434383636'),
	(350,X'E4BFAEE69687E889AFE79FA5E78C95E78CB4E6A183',X'E8B4B5E5B79EE79C81E8B4B5E998B3E5B882E4BFAEE69687E58EBF',X'3130362E34363435',X'32362E3830373835'),
	(351,X'E6988EE9AA8FE59BADE69E97',X'E6B2B3E58D97E79C81E8AEB8E6988CE5B882E984A2E999B5E58EBF',X'3131342E3134333831',X'33342E3130343536'),
	(352,X'E58FB2E6B2B3E58FA3E7949FE68081E5869CE59BAD',X'E5B1B1E4B89CE79C81E8818AE59F8EE5B882E88E98E58EBF',X'3131352E3636373134',X'33362E303236353433'),
	(353,X'E4B883E5BDA9E5869CE4B89AE799BEE69E9CE98787E69198E59BAD',X'E6B2B3E58D97E79C81E8AEB8E6988CE5B882E984A2E999B5E58EBFE88AB1E6BAAAE5A4A7E98193',X'3131342E3038393535',X'33342E313135313238'),
	(354,X'E587A4E9B8A3E5869CE5BA84',X'E58C97E4BAACE5B882E9A1BAE4B989E58CBA313533E4B9A1E98193',X'3131362E3833323130323534373635373636',X'34302E3237373331373835303438303737'),
	(355,X'E58D97E58FACE58EBFE5B08FE7A9BAE5B1B1E69C89E69CBAE794B5E5869CE4B89A',X'E6B2B3E58D97E79C81E58D97E998B3E5B882E58D97E58FACE58EBF',X'3131322E3636363131',X'33332E343839363133'),
	(356,X'E4B880E59381E6A183E59D9EE69C89E69CBAE78C95E78CB4E6A183E59FBAE59CB0',X'E6B2B3E58D97E79C81E58D97E998B3E5B882E8A5BFE5B3A1E58EBF',X'3131312E363939383134',X'33332E323233'),
	(357,X'E8A49AE6A999E5BA84E59BAD',X'E4BA91E58D97E79C81E78E89E6BAAAE5B882E696B0E5B9B3E5BD9DE6978FE582A3E6978FE887AAE6B2BBE58EBF',X'3130312E3531383339373132383938303631',X'32342E3133363636333432343036353931'),
	(358,X'E5AD96E5AE9DE697A0E6A0B8E88D94E69E9D',X'E5B9BFE4B89CE79C81E998B3E6B19FE5B882E6B19FE59F8EE58CBA',X'3131312E3931343635343234343039333733',X'32312E363337303430383130383131333033'),
	(359,X'E5BEAEE7AC91E5869CE59CBA',X'E4B88AE6B5B7E5B882E99D92E6B5A6E58CBAE8A5BFE59091E998B3E6B2B3E8B7AF',X'3132312E3237373438',X'33312E3134313935'),
	(360,X'E6A182E9BA9FE5869CE5BA84',X'E5B9BFE4B89CE79C81E6B2B3E6BA90E5B882E7B4ABE98791E58EBF333335E4B9A1E98193',X'3131342E38363339313532353538313435',X'32332E3533393330383936393439313632'),
	(361,X'E7BFA0E5B29AE5869CE4BAA7E59381E4B893E4B89AE59088E4BD9CE7A4BE',X'E5B9BFE4B89CE79C81E683A0E5B79EE5B882E683A0E59F8EE58CBA373338E69D91E98193',X'3131342E363635',X'32332E333530393136'),
	(362,X'E4B88AE886B3E6BA90E591A8E5BA84E5869CE59CBA',X'E6B19FE88B8FE79C81E88B8FE5B79EE5B882E69886E5B1B1E5B882E6BE84E5B09AE8B7AF',X'3132302E383230313735',X'33312E313736393335'),
	(363,X'E6A2A6E794B0E983BDE5B882E5869CE59CBAEFBC88E993B6E6B3B0E59F8EE5BA97EFBC89',X'E59B9BE5B79DE79C81E68890E983BDE5B882E6ADA6E4BEAFE58CBAE5A4A9E5BA9CE59B9BE8A197',X'3130342E3035383036',X'33302E35343138'),
	(364,X'E6B2A7E5B79EE88B8DE69E97E5869CE5BA84',X'E6B2B3E58C97E79C81E6B2A7E5B79EE5B882E6B2A7E58EBF333037E59BBDE98193',X'3131362E3736353532',X'33382E3237363833'),
	(365,X'E58D8AE4BAA9E5B1B1E794B0',X'E5B9BFE4B89CE79C81E683A0E5B79EE5B882E683A0E4B89CE58EBF',X'3131342E363133363836',X'32322E383336313238'),
	(366,X'E99A86E5B9B3E69C89E69CBAE5869CE4B89AE59FBAE59CB0',X'E6B19FE8A5BFE79C81E5AE9CE698A5E5B882E8A281E5B79EE58CBA',X'3131342E32353736333537323132303436',X'32372E3637313635323139373134343833'),
	(367,X'E6B5B7E58D97E6989FE5869CE59CBA',X'E6B5B7E58D97E79C81E6B5B7E58FA3E5B882E7BE8EE585B0E58CBAE6B5B7E8BEBEE8B7AF3236E58FB7',X'3131302E3334353237363934373837373131',X'32302E3035373639303637303535383636'),
	(368,X'E5B9BFE4B8B0E69C89E69CBAE5869CE5BA84',X'E59B9BE5B79DE79C81E58D97E58585E5B882E9AB98E59DAAE58CBAE6B2AAE89389E9AB98E9809FE585ACE8B7AF',X'3130362E32353336393835373033393831',X'33302E37393139323631383135353337'),
	(369,X'E7BBBFE696B9E8889FE5B882E6B091E5869CE59BAD',X'E6B19FE88B8FE79C81E5BE90E5B79EE5B882E9939CE5B1B1E58CBA353533E4B9A1E98193',X'3131372E3138363736',X'33342E3039313139'),
	(370,X'E88081E5B3AAE6B29FE5BA84E59BAD',X'E58C97E4BAACE5B882E6988CE5B9B3E58CBA',X'3131352E39323533333438333432363033',X'34302E31373035353137373632323433'),
	(371,X'E5BA84E7BB9CE4BAB2E5AD90E5869CE59CBA',X'E6B2B3E58C97E79C81E5BB8AE59D8AE5B882E5B9BFE998B3E58CBA',X'3131362E3534313034',X'33392E3438323731'),
	(372,X'E5AE81E5A48FE5B08FE9BB91E5AEB6E58FA4E6B395E5869CE789A7E585ACE58FB8',X'E5AE81E5A48FE59B9EE6978FE887AAE6B2BBE58CBAE59BBAE58E9FE5B882E6B3BEE6BA90E58EBF',X'3130362E3334343435353533313336383434',X'33352E3339303334383034333436393034'),
	(373,X'E69FA5E5B9B2E696B0E8B0B7E5869CE59CBA',X'E59089E69E97E79C81E69DBEE58E9FE5B882E5898DE983ADE5B094E7BD97E696AFE89299E58FA4E6978FE887AAE6B2BBE58EBF',X'3132342E3435373231333638363838343439',X'34352E3132313035313830313437363432'),
	(374,X'E8A1A1E88DA3E7949FE68081E5869CE59CBA',X'E5B1B1E8A5BFE79C81E6998BE4B8ADE5B882E5A4AAE8B0B7E58EBF',X'3131322E3439323939393930353736343736',X'33372E3336313730363036343036353537'),
	(375,X'68617070792020E699A8',X'E5B9BFE4B89CE79C81E5B9BFE5B79EE5B882E8B68AE7A780E58CBAE98791E7BE8AE4B880E8A197',X'3131332E3330373931',X'32332E313236373831'),
	(376,X'E8939FE5B79EE685A2E5869C',X'E5A4A9E6B4A5E5B882E8939FE5B79EE58CBAE79B98E5B1B1E5A4A7E98193',X'3131372E32373732',X'34302E303237343437'),
	(377,X'E8A5BFE5AE89E7BBBFE68891E5869CE59CBA',X'E99995E8A5BFE79C81E592B8E998B3E5B882E6B3BEE998B3E58EBF303535E4B9A1E98193',X'3130382E37383139333733333030353333',X'33342E3537303939393435343939393331'),
	(378,X'E590AFE7A89AE5869CE59BAD',X'E99995E8A5BFE79C81E8A5BFE5AE89E5B882E995BFE5AE89E58CBA323135E58EBFE98193',X'3130382E3637393532',X'33342E3233383436'),
	(379,X'E8A5BFE5AE89E69CB4E58D8EE5869CE59CBA',X'E99995E8A5BFE79C81E8A5BFE5AE89E5B882E9AB98E999B5E58CBAE68A97E697A5E8B7AF',X'3130392E3038343536',X'33342E353631343937'),
	(380,X'E88098E5B7A5E7A4BEE5869CE59CBA',X'E99995E8A5BFE79C81E592B8E998B3E5B882E6B3BEE998B3E58EBF',X'3130382E373835353736',X'33342E353036393437'),
	(381,X'E794B0E4B8A5E69D91E5869CE59CBA',X'E99995E8A5BFE79C81E8A5BFE5AE89E5B882E4B8B4E6BDBCE58CBAE9988EE58D97E8B7AF',X'3130392E3232363336',X'33342E3435383434'),
	(382,X'E78E89E7B1B3E58584E5BC9FE5869CE59CBA',X'E5B1B1E8A5BFE79C81E5BFBBE5B79EE5B882E5BFBBE5BA9CE58CBAE59088E9A9ACE7BABF',X'3131322E3534363036303434343131303838',X'33382E343738303132383233393631383736'),
	(383,X'E89C82E89C9CE5A4A7E4B896E7958C',X'E58C97E4BAACE5B882E5AF86E4BA91E58EBF',X'3131372E3231353435313734363933323139',X'34302E353432303836383231353830353034'),
	(384,X'E6A0BCE69E97E5869CE59CBA',X'E99995E8A5BFE79C81E8A5BFE5AE89E5B882E995BFE5AE89E58CBA',X'3130382E3931343935303933363632323233',X'33342E303534343231313533333339343236'),
	(385,X'E4B89CE7AFB1E4B88BE69C89E69CBAE5869CE59CBA',X'E99995E8A5BFE79C81E8A5BFE5AE89E5B882E688B7E58EBF58323134',X'3130382E3636383038303932313836373133',X'33342E3036373634333732353139383133'),
	(386,X'E4B990E4BAABE682A0E8B0B7E98787E69198E59BAD',X'E58C97E4BAACE5B882E5B9B3E8B0B7E58CBA323034E79C81E98193',X'3131372E3030343531',X'34302E323532393735'),
	(387,X'E4B88AE6B5B7E78EABE791B0E5BA84E59BAD',X'E4B88AE6B5B7E5B882E5B487E6988EE58CBA323934E4B9A1E98193',X'3132312E3730393635383033353339383535',X'33312E353436383633393634373038353537'),
	(388,X'E4BC98E8B08AE6BA90E7A8BBE7A8BBE9A699E5AEB6E5BAADE5869CE59CBA',X'E7A68FE5BBBAE79C81E58D97E5B9B3E5B882E6B5A6E59F8EE58EBF',X'3131382E3434393137363734333431353238',X'32372E373838313536393535333832343333'),
	(389,X'E5B09AE79498E69E9CE59BAD',X'E7A68FE5BBBAE79C81E58D97E5B9B3E5B882E5BBBAE998B3E58CBA323035E79C81E98193',X'3131382E3330303935313730363835373832',X'32372E333339353731313534393635353135'),
	(390,X'E6B996E58D97E5A4A7E4B889E6B998E88CB6E6B2B9',X'E6B996E58D97E79C81E8A1A1E998B3E5B882E8A1A1E58D97E58EBFE585B4E59BADE8B7AF',X'3131322E3634333131373930303036323939',X'32362E3733393233393636383137313234'),
	(391,X'E58EA6E997A8E7ACACE4B889E59CB0',X'E7A68FE5BBBAE79C81E58EA6E997A8E5B882E5908CE5AE89E58CBA373136E4B9A1E98193',X'3131382E3038333536333335323535313435',X'32342E3730393535313438313933333031'),
	(392,X'E5A4A7E88D94E586ACE69EA3E7A78DE6A48DE59FBAE59CB0',X'E99995E8A5BFE79C81E6B8ADE58D97E5B882E5A4A7E88D94E58EBF',X'3131302E3134323635',X'33342E3839383735'),
	(393,X'E88287E5BA86E5B882E6B19FE5A4A7E799BEE9A699E69E9CE98787E69198E59BAD',X'E5B9BFE4B89CE79C81E88287E5BA86E5B882E7ABAFE5B79EE58CBA',X'3131322E3432333632',X'32332E3034343939'),
	(394,X'E9939CE4BB81E5B882E88081E6B5B7E7B289E9A686',X'E8B4B5E5B79EE79C81E9939CE4BB81E5B882E7A2A7E6B19FE58CBAE78EAFE4B89CE8B7AF',X'3130392E3139363438',X'32372E373231303936'),
	(395,X'E5BBBAE998B3E58CBAE58886E4BAABE694B6E88EB7E585ACE58FB8',X'E7A68FE5BBBAE79C81E58D97E5B9B3E5B882E5BBBAE998B3E58CBAE99B92E696B0E8B7AF3439E58FB7',X'3131382E3138373838373333323032373936',X'32372E343833393439343734343133393135'),
	(396,X'E78F8DE6A999E69E9CE4B89A',X'E7A68FE5BBBAE79C81E58D97E5B9B3E5B882E5BBBAE998B3E58CBAE99B92E696B0E8B7AF3439E58FB7',X'3131382E3138383035',X'32372E343833383932'),
	(397,X'E7949CE89C9CE89C9CE7B2BEE59381E6B0B4E69E9CE98787E69198E59BAD',X'E8B4B5E5B79EE79C81E9939CE4BB81E5B882E78E89E5B18FE4BE97E6978FE887AAE6B2BBE58EBF',X'3130392E31333830313536333132363736',X'32372E3438323537303435353332363233'),
	(398,X'E5BFABE4B990E5869CE59CBA',X'E58685E89299E58FA4E887AAE6B2BBE58CBAE58C85E5A4B4E5B882E4B99DE58E9FE58CBAE7A880E59C9FE5A4A7E8A197',X'3130392E3831313733',X'34302E3631393933'),
	(399,X'E681B0E7B1B3E5869CE59CBA',X'E6B996E58D97E79C81E995BFE6B299E5B882E995BFE6B299E58EBF',X'3131332E3232363733',X'32382E343737343235'),
	(400,X'E6B6A6E59C9FE5B8AEE5B8AE',X'E4BA91E58D97E79C81E69886E6988EE5B882E4BA94E58D8EE58CBAE99C96E99BA8E8B7AF323935E58FB7',X'3130322E3733333636',X'32352E3039333834'),
	(401,X'E5B08FE7958CE5B1B1E7949FE68081E7A78DE585BBE5869CE59CBA',X'E8B4B5E5B79EE79C81E9939CE4BB81E5B882E7A2A7E6B19FE58CBA323031E79C81E9819328E697A729',X'3130392E3230353633',X'32372E3735343534'),
	(402,X'E995BFE6B299E58EBFE98791E6A182E6B0B4E69E9CE4B893E4B89AE59088E4BD9CE7A4BE',X'E6B996E58D97E79C81E995BFE6B299E5B882E995BFE6B299E58EBFE98791E5B9B3E8B7AF313337E58FB7',X'3131332E3337373938',X'32382E35323839'),
	(403,X'E99C9EE6B5A6E4B880E8B49DE696B0E69D91E6B0B4E69E9CE79B86E6A0BDE59FBAE59CB0',X'E7A68FE5BBBAE79C81E5AE81E5BEB7E5B882E99C9EE6B5A6E58EBF323137E69D91E98193',X'3131392E3936323533',X'32362E383531303434'),
	(404,X'E5928CE794B0E6BCA0E4B88AE69EA3E59BAD',X'E696B0E79686E7BBB4E590BEE5B094E887AAE6B2BBE58CBAE69886E78E89E5B882E69886E78E89E5B882E58F8BE5A5BDE8B7AF',X'37392E3238363232',X'33372E3230393931'),
	(405,X'E7899BE88095E983A8E890BD',X'E8B4B5E5B79EE79C81E9BB94E4B89CE58D97E88B97E6978FE4BE97E6978FE887AAE6B2BBE5B79EE9BB8EE5B9B3E58EBF',X'3130382E3639353634',X'32362E3239303638'),
	(406,X'E5AE81E4B9A1E58EBFE7A68FE6B48BE5AEB6E5BAADE5869CE59CBA',X'E6B996E58D97E79C81E995BFE6B299E5B882E5AE81E4B9A1E5B882E58F8CE78BAEE5B2ADE5A4A7E98193',X'3131322E3633333836',X'32382E303233333735'),
	(407,X'E585A8E5B79EE58EBFE5AEB6E5A49AE7A68FE7B1B3E4B89AE69C89E99990E585ACE58FB8',X'E5B9BFE8A5BFE5A3AEE6978FE887AAE6B2BBE58CBAE6A182E69E97E5B882E8B1A1E5B1B1E58CBAE78EAFE59F8EE58D97E4BA8CE8B7AF',X'3131302E33303537393736333433333932',X'32352E32333037333831313339373934'),
	(408,X'E5B9BFE8A5BFE8B4BAE5B79EE698ADE5B9B3E799BEE9A699E69E9CE59BAD',X'E5B9BFE8A5BFE5A3AEE6978FE887AAE6B2BBE58CBAE8B4BAE5B79EE5B882E698ADE5B9B3E58EBFE6B2B3E4B89CE8B7AF33E58FB7',X'3131302E3832333437',X'32342E3136383235'),
	(409,X'E4B89CE58C97E79BB4E4BE9BE9B29CE7B1B3',X'E9BB91E9BE99E6B19FE79C81E7BBA5E58C96E5B882E5BA86E5AE89E58EBFE99381E58D97E8A197',X'3132372E3530333430373131373938303634',X'34362E3838373637393036303035343337'),
	(410,X'E4B89CE58C97E79BB4E4BE9BE581A5E5BAB7E9B29CE7B1B3',X'E6B19FE88B8FE79C81E88B8FE5B79EE5B882E590B4E4B8ADE58CBAE98280E6B996E8B7AF',X'3132302E3638343032',X'33312E323439323337'),
	(411,X'E4B889E6B19FE5A49CE9838EE5928CE9878CE69785E6B8B8E69C8DE58AA1E4B8ADE5BF83',X'E5B9BFE8A5BFE5A3AEE6978FE887AAE6B2BBE58CBAE69FB3E5B79EE5B882E4B889E6B19FE4BE97E6978FE887AAE6B2BBE58EBF',X'3130392E343836343335',X'32352E373338373737'),
	(412,X'E9939CE991ABE7949FE68081E5869CE4B89A',X'E8B4B5E5B79EE79C81E9939CE4BB81E5B882E58DB0E6B19FE59C9FE5AEB6E6978FE88B97E6978FE887AAE6B2BBE58EBF',X'3130382E3533393935',X'32372E3732373237'),
	(413,X'E5A883E9BE99E7AB8BE4BD93E7949FE68081E5869CE4B89AE59BAD',X'E6B996E58D97E79C81E995BFE6B299E5B882E5AE81E4B9A1E5B882',X'3131322E32343938',X'32382E3136383337'),
	(414,X'E78EB2E78EB2E5AEB6E5BAADE5869CE59CBA',X'E59B9BE5B79DE79C81E68890E983BDE5B882E98791E5A082E58EBFE98791E5A082E5A4A7E98193E58D97E6AEB5',X'3130342E3636313436',X'33302E3638363735'),
	(415,X'32303134E586AC2EE586ACE88D89E88E93F09F8D93',X'E59B9BE5B79DE79C81E68890E983BDE5B882E5BDADE5B79EE5B882E5A4A9E6A182E8B7AF',X'3130332E393031373634',X'33302E393532333138'),
	(416,X'E88081E5B3AAE6B29FE5BA84E59BAD',X'E7BE8EE59BBDE58AA0E588A9E7A68FE5B0BCE4BA9AE5B79EE6B49BE69D89E79FB6E58EBF477265656E627573684176656E7565',X'2D3131382E34323539383730363535393032',X'33342E313435303238313937383833373735'),
	(417,X'E781B5E9BE99E7A78DE585BBE6AE96E5AEB6E5BAADE5869CE59CBA',X'E59B9BE5B79DE79C81E58D97E58585E5B882E4BBAAE99987E58EBF',X'3130362E3436333633',X'33312E343434313334'),
	(418,X'E585ADE9BE99E5B1B1E585B4E99A86E585BBE89C82E59CBA',X'E8B4B5E5B79EE79C81E9939CE4BB81E5B882E7A2A7E6B19FE58CBA303134E4B9A1E98193',X'3130392E3332363536',X'32372E3632373434'),
	(419,X'E9878DE5BA86E7BAA2E8B186E5A186E9878CE5AEB6E5BAADE5869CE59CBA',X'E9878DE5BA86E5B882E5BFA0E58EBF303335E4B9A1E98193',X'3130372E3739353437',X'33302E3239343631'),
	(420,X'E5BC80E5BF83E5869CE59CBA',X'E6B2B3E58C97E79C81E4BF9DE5AE9AE5B882E6B885E88B91E58CBA323331E79C81E98193',X'3131352E3438313737',X'33382E3638353433'),
	(421,X'E8B4B5E5B79EE585B1E7949FE7949FE68081E7A78DE6A48DE59088E4BD9CE7A4BE',X'E8B4B5E5B79EE79C81E8B4B5E998B3E5B882E6B885E99587E5B882333533E69D91E98193',X'3130362E3339303539303439373434303531',X'32362E343933303437303136313137303835'),
	(422,X'31393830E5BC80E5BF83E5869CE59CBA',X'E5B9BFE4B89CE79C81E5B9BFE5B79EE5B882E795AAE7A6BAE58CBAE4B9A1E981934D3035',X'3131332E3239353336',X'32332E303331353036'),
	(423,X'E6A2A6E794B0E983BDE5B882E5869CE59CBAEFBC88E9BE99E6B996E5BA97EFBC89',X'E59B9BE5B79DE79C81E68890E983BDE5B882E6ADA6E4BEAFE58CBAE6998BE998B3E8B7AF',X'3130332E39393631',X'33302E3634383735'),
	(424,X'E5928CE5A89FE59FBAE59CB0',X'E5B9BFE4B89CE79C81E6B195E5A4B4E5B882E6BE84E6B5B7E58CBAE995BFE5AE89E8B7AF',X'3131362E3833373038',X'32332E353636333137'),
	(425,X'E5AE81E4B9A1E5B882E4B8BAE7BE8EE59BADE88AB1E6B5B7E4B990E59BAD',X'E6B996E58D97E79C81E995BFE6B299E5B882E5AE81E4B9A1E5B882',X'3131322E3530373238',X'32382E3139323936'),
	(426,X'E7A8BBE88D89E4BABAE5BA84E59BAD',X'E6B996E58C97E79C81E592B8E5AE81E5B882E592B8E5AE89E58CBA',X'3131342E3339323131',X'32392E3936383337'),
	(427,X'E781B0E6B1A4E596BBE6B08FE88D89E88E93E4B8BBE9A298E4B990E59BAD',X'E6B996E58D97E79C81E995BFE6B299E5B882E5AE81E4B9A1E5B882303936E58EBFE98193',X'3131322E3334373035',X'32382E3030353033'),
	(428,X'E794B0E59BADE694B6E88EB7',X'E58C97E4BAACE5B882E5A4A7E585B4E58CBAE58D97E4B8ADE8BDB4E8B7AF',X'3131362E34313438393936363136313136',X'33392E3632353333313630363632323633'),
	(429,X'E5AD9DE8B4A4E5869CE59CBA',X'E6B2B3E58D97E79C81E5B9B3E9A1B6E5B1B1E5B882E6B19DE5B79EE5B882',X'3131322E3933353036',X'33342E313136353733'),
	(430,X'E982AFE983B8E5B9BFE4B88BE5869CE4B89AE7A791E68A80E69C89E99990E585ACE58FB8',X'E6B2B3E58C97E79C81E982AFE983B8E5B882E69BB2E591A8E58EBF',X'3131352E31303233',X'33362E3731303931'),
	(431,X'E585B4E7A68FE59CB0E5BA84E59BAD',X'E6B996E58C97E79C81E8A584E998B3E5B882E69EA3E998B3E5B882323732E79C81E98193',X'3131322E393230353235',X'33322E3034373039'),
	(432,X'E5BD92E99C9EE5B1B1E5BA84',X'E9878DE5BA86E5B882E6B19FE6B4A5E58CBA',X'3130352E3937323531',X'32392E303032313436'),
	(433,X'E7BBBFE88095E5B882E6B091E5869CE59BAD',X'E5AE89E5BEBDE79C81E5AE89E5BA86E5B882E6BD9CE5B1B1E58EBF',X'3131362E343235303632383230313036',X'33302E3636333531393034313339393437'),
	(434,X'E7BAA2E69797E5B2ADE89891E88F87E98787E69198E59BAD',X'E8BEBDE5AE81E79C81E6B288E998B3E5B882E6B591E58D97E58CBAE6B288E7A59DE7BABF',X'3132332E3634393438',X'34312E3732323736'),
	(435,X'E894ACE4B89CE59DA1E5869CE59CBA',X'E5B9BFE4B89CE79C81E99FB6E585B3E5B882E696B0E4B8B0E58EBF',X'3131342E32343137363031373835393139',X'32342E3036303037303231363737343336'),
	(436,X'E7A59EE5869CE794B0E59BAD',X'E5B9BFE4B89CE79C81E5B9BFE5B79EE5B882E4BB8EE58C96E5B882',X'3131332E353630333536',X'32332E363333373535'),
	(437,X'E88EB2E88AB1E7A685E8B0B7',X'E5B9BFE4B89CE79C81E6B195E5B0BEE5B882E6B5B7E4B8B0E58EBF',X'3131352E3137363230383131313838353539',X'32322E3938363831323131373133343133'),
	(438,X'E995BFE8919BE5B882E8B4BEE4B881E68588E5BF83E794B0',X'E6B2B3E58D97E79C81E8AEB8E6988CE5B882E995BFE8919BE5B882',X'3131332E3638373136',X'33342E3232373339'),
	(439,X'E7A68FE6989FE5869CE4B89AE69C89E69CBAE88CB6E59FBAE59CB0',X'E7A68FE5BBBAE79C81E7A68FE5B79EE5B882E7A68FE6B885E5B882',X'3131392E33323135353032333936363437',X'32352E3738313533373931353032393232'),
	(440,X'E9BB84E69DBEE5AEB6E5BAADE5869CE59CBA',X'E6B2B3E58C97E79C81E4BF9DE5AE9AE5B882E69C9BE983BDE58EBF',X'3131352E323435393634',X'33382E3639303339'),
	(441,X'E8B4B5E5B79EE6B48BE6B49EE7899BE88095E983A8E890BD',X'E8B4B5E5B79EE79C81E9BB94E4B89CE58D97E88B97E6978FE4BE97E6978FE887AAE6B2BBE5B79EE9BB8EE5B9B3E58EBF',X'3130382E3639363733',X'32362E323930323037'),
	(442,X'E5BA93E5B094E58B92E5B882E58C85E5A4B4E6B996E5869CE59CBA',X'E696B0E79686E7BBB4E590BEE5B094E887AAE6B2BBE58CBAE5B7B4E99FB3E983ADE6A59EE89299E58FA4E887AAE6B2BBE5B79EE5BA93E5B094E58B92E5B882',X'38352E3832383133',X'34312E363837333937'),
	(443,X'E6B58BE8AF95E5869CE59CBA',X'E58C97E4BAACE5B882E69C9DE998B3E58CBAE58D97E6B996E8A5BFE59BADE58D97E8B7AF',X'3131362E343532383035',X'33392E3939333835'),
	(444,X'E6B58BE8AF95E8B4A6E58FB7',X'E58C97E4BAACE5B882E69C9DE998B3E58CBAE58D97E6B996E8A5BFE59BADE58D97E8B7AF',X'3131362E3435323530393339353736343531',X'33392E3939343133313431343939323738'),
	(445,X'E88B8FE5B79EE5AE89E4BD8FE5B9B8E7A68FE7949FE68081E5869CE59CBA',X'E6B19FE88B8FE79C81E88B8FE5B79EE5B882E590B4E4B8ADE58CBAE8B791E9A9ACE59CBAE8B7AF',X'3132302E3237313435',X'33312E3038383134'),
	(446,X'E5B08FE8BE89E8BE89E595A6E595A6E595A6',X'E6B996E58C97E79C81E6ADA6E6B189E5B882E6B19FE5A48FE58CBAE9AB98E696B0E4BA8CE8B7AF313239E58FB7',X'3131342E3434393131',X'33302E3437383833'),
	(447,X'E59684E59CB0E59684E8A18CE4B89CE890A5E7A78DE6A48DE59FBAE59CB0',X'E5B1B1E4B89CE79C81E4B89CE890A5E5B882E588A9E6B4A5E58EBF',X'3131382E343332303435',X'33372E363939393332'),
	(448,X'E99988E9868BE69C89E788B1E887AAE784B6E5869CE88095',X'E5B1B1E8A5BFE79C81E8BF90E59F8EE5B882E4B8B4E78C97E58EBF',X'3131302E35383035',X'33352E32353233'),
	(449,X'E6B290E6B5B4E998B3E58589E69CB4E997A8E5869CE59CBA',X'E5B1B1E4B89CE79C81E8818AE59F8EE5B882E88C8CE5B9B3E58EBF',X'3131362E3032313636',X'33362E363835323034'),
	(450,X'E59BADE9BE99E7949FE68081E5869CE59CBA',X'E6B19FE8A5BFE79C81E59089E5AE89E5B882E6B0B8E696B0E58EBF',X'3131332E39383439',X'32362E3938353039'),
	(451,X'E9A699E89C9CE5B1B1E7949FE68081E69E9CE5BA84',X'E5B9BFE4B89CE79C81E5B9BFE5B79EE5B882E4BB8EE58C96E58CBA',X'3131332E3931353730343233353934323631',X'32332E3736343339373034303937373938'),
	(452,X'E4B8ADE5A4AEE99FB3E4B990E5ADA6E999A2',X'E58C97E4BAACE5B882E69C9DE998B3E58CBAE58D97E6B996E8A5BFE59BADE58D97E8B7AF',X'3131362E3435323531',X'33392E3939343133'),
	(453,X'E5AE89E590A6E5869CE59CBA',X'E58C97E4BAACE5B882E69C9DE998B3E58CBAE58D97E6B996E8A5BFE59BADE58D97E8B7AF',X'3131362E343530363736',X'33392E3939323832'),
	(454,X'E99984E8BF91E79A84E5869CE59CBA',X'E58C97E4BAACE5B882E69C9DE998B3E58CBAE58D97E6B996E8A5BFE59BADE58D97E8B7AF',X'3131362E343532383035',X'33392E3939333835'),
	(455,X'6C616C616C61',X'E58C97E4BAACE5B882E69C9DE998B3E58CBAE58D97E6B996E8A5BFE59BADE58D97E8B7AF',X'3131362E34353236373938373133383937',X'33392E3939333833373535373332313433'),
	(456,X'E5AE89E590A6E79A84E5869CE59CBA',X'E58C97E4BAACE5B882E69C9DE998B3E58CBAE58D97E6B996E8A5BFE59BADE58D97E8B7AF',X'3131362E34353037',X'33392E3939323732'),
	(457,X'E7B1B3E6B798E5BA84E59BAD',X'E5B1B1E8A5BFE79C81E995BFE6B2BBE5B882E6ADA6E4B9A1E58EBF313032E79C81E98193',X'3131322E38333932333539303035363333',X'33362E3838313731363031393536323133'),
	(458,X'E8A5BFE5B1B1E58CBAE682A0E7ABB9E5B185E5B1B1E5BA84',X'E4BA91E58D97E79C81E69886E6988EE5B882E8A5BFE5B1B1E58CBAE78CABE78CABE7AE90E8B7AF',X'3130322E3632323838',X'32342E3933303537'),
	(459,X'E587A4E587B0E585ACE7A4BE',X'E58C97E4BAACE5B882E6B5B7E6B780E58CBAE9BE99E6B389E5AFBAE58C97E8B7AF',X'3131362E3039373032',X'34302E31303937'),
	(460,X'E5B1B1E9A1B6E5B09AE69C89E69CBAE5869CE5BA84',X'E6B996E58C97E79C81E681A9E696BDE59C9FE5AEB6E6978FE88B97E6978FE887AAE6B2BBE5B79EE681A9E696BDE5B882',X'3130392E3532363133',X'33302E34373036'),
	(461,X'E882B2E5BEB7E5869CE59CBA',X'E4B88AE6B5B7E5B882E997B5E8A18CE58CBAE7AB8BE8B783E8B7AF31323139E58FB7',X'3132312E3534333639',X'33312E3130313831'),
	(462,X'E6B3A5E6B2B3E6B29FE69EA3E7BC98E4BABAE5AEB6',X'E99995E8A5BFE79C81E6A686E69E97E5B882E4BDB3E58EBFE6B2BFE9BB84E8B7AF',X'3131302E3530303235',X'33382E313837393936'),
	(463,X'E5B9B3E98291E698A5E58D8EE7949FE68081E5869CE59CBA',X'E5B1B1E4B89CE79C81E4B8B4E6B282E5B882E5B9B3E98291E58EBF',X'3131372E353132313135',X'33352E3438343539'),
	(464,X'E681ACE59BADE7949FE68081E69C89E69CBAE5869CE59CBA',X'E8BEBDE5AE81E79C81E5A4A7E8BF9EE5B882E98791E5B79EE58CBAE59C9FE5B1B1E8B7AF',X'3132312E3935383138',X'33392E3332303739'),
	(465,X'E79484E9A39FE5B08FE5869C7EE8B4A4E4B887',X'E9878DE5BA86E5B882E6B0B8E5B79DE58CBA333131E79C81E98193',X'3130352E393630323336',X'32392E323735343233'),
	(466,X'E5869CE5A4ABE6A999E59BAD',X'E6B996E58D97E79C81E982B5E998B3E5B882E696B0E5AE81E58EBFE6B49EE696B0E9AB98E9809FE585ACE8B7AF',X'3131302E37363931',X'32362E3533343335'),
	(467,X'E8A584E6B1BEE58EBFE7BFA0E794B0E5869CE59CBA',X'E5B1B1E8A5BFE79C81E4B8B4E6B1BEE5B882E8A584E6B1BEE58EBFE6BBA8E6B2B3E58D97E8B7AF',X'3131312E34333839',X'33352E393139343533'),
	(468,X'E5AE97E6999FE5869CE59CBA',X'E6B996E58C97E79C81E99A8FE5B79EE5B882E99A8FE58EBFE69C9DE998B3E5A4A7E98193',X'3131332E323439303136',X'33312E393137363838'),
	(469,X'E6A0BCE69E97E5869CE59CBA',X'E99995E8A5BFE79C81E8A5BFE5AE89E5B882E995BFE5AE89E58CBAE5AD90E58D88E4B89CE8A197',X'3130382E3931343935',X'33342E3035343433'),
	(470,X'E5AE81E4B9A1E69E97E783A8EFBC8CE4B893E4B89AE587BAE58FA3E894ACE88F9C',X'E6B996E58D97E79C81E995BFE6B299E5B882E5AE81E4B9A1E5B882',X'3131322E32353834373038383030333837',X'32382E31313634333133353639363639'),
	(471,X'E7BBB5E998B3E4BC8AE794B8E5869CE59BAD',X'E59B9BE5B79DE79C81E7BBB5E998B3E5B882E6B6AAE59F8EE58CBAE98791E78EAFE7BABF',X'3130342E3632363836',X'33312E333432393634'),
	(472,X'E995BFE6B299E585ABE99BB6E5869CE4B89AE585ACE58FB8E7939CE8928CE59FBAE59CB0',X'E6B996E58D97E79C81E995BFE6B299E5B882E5AE81E4B9A1E5B882323038E79C81E98193',X'3131322E35373336',X'32382E3230373632'),
	(473,X'E799BEE5AEB6E59BADE7949FE68081E5869CE4B89A',X'E59B9BE5B79DE79C81E4B990E5B1B1E5B882E78A8DE4B8BAE58EBF',X'3130332E3932303434',X'32392E3234383234'),
	(474,X'E8998EE5A4B4E5B1B1E99BA8E69E97E8B0B7E585B1E4BAABE5869CE5BA84',X'E6B5B7E58D97E79C81E6B5B7E58FA3E5B882E9BE99E58D8EE58CBAE5ADA6E999A2E8B7AF',X'3131302E3333313535',X'31392E3936393035'),
	(475,X'E88286E78E96E5A5BDE5869CE59CBAE88BB1E69DB0E5869CE5BA84',X'E99995E8A5BFE79C81E8A5BFE5AE89E5B882E8939DE794B0E58EBFE5B7A8E5BAB7E8B7AF',X'3130392E3237343434323332363532343438',X'33342E3130313632353031383638353338'),
	(476,X'E88AB1E59EA3E58EBFE5AD90E8858AE7A78DE585BBE4B893E4B89AE59088E4BD9CE7A4BE',X'E6B996E58D97E79C81E6B998E8A5BFE59C9FE5AEB6E6978FE88B97E6978FE887AAE6B2BBE5B79EE88AB1E59EA3E58EBF',X'3130392E3339303738',X'32382E3338373637'),
	(477,X'E586ADE6B48BE581A5E5BAB7E9A39FE59381',X'E79498E88283E79C81E4B8B4E5A48FE59B9EE6978FE887AAE6B2BBE5B79EE6B0B8E99D96E58EBFE9BB84E6B2B3E8B7AF3239E58FB7',X'3130332E33323134',X'33352E3934323236'),
	(478,X'E58898E5AEB6E5B3A1E581A5E5BAB7E5869CE4BAA7E59381',X'E79498E88283E79C81E4B8B4E5A48FE59B9EE6978FE887AAE6B2BBE5B79EE6B0B8E99D96E58EBF323133E59BBDE98193',X'3130332E3331313932',X'33352E3933353032'),
	(479,X'E99B85E794B0E6B9BEE5B1B1E5BA84',X'E6B996E58D97E79C81E995BFE6B299E5B882E5AE81E4B9A1E5B882',X'3131322E33363532',X'32382E3030353634'),
	(480,X'E6B58FE998B3E5B882E8839CE4BDB3E5869CE59CBA',X'E6B996E58D97E79C81E995BFE6B299E5B882E6B58FE998B3E5B882',X'3131332E353738333834',X'32382E3339333133'),
	(481,X'E4B889E4BA9AE788B1E4B88AE5A5BDE5869CE59CBA',X'E6B5B7E58D97E79C81E4B889E4BA9AE5B882E5A4A9E6B6AFE58CBAE5B888E983A8E5869CE59CBAE8B7AF',X'3130392E34393335',X'31382E333237323434'),
	(482,X'E69CA8E880B3E5B08FE99587E5869CE59CBA',X'E99995E8A5BFE79C81E59586E6B49BE5B882E69F9EE6B0B4E58EBF',X'3130392E3137323934343438353932323232',X'33332E3730383539303734363133393039'),
	(483,X'E9808DE981A5E5869CE5BA84',X'E9BB91E9BE99E6B19FE79C81E59388E5B094E6BBA8E5B882E4BA94E5B8B8E5B882',X'3132372E3933313634',X'34342E3439393831'),
	(484,X'E5A5BDE79A84E5869CE59CBA',X'E4B88AE6B5B7E5B882E59889E5AE9AE58CBAE69BB9E5AE89E585ACE8B7AF35353839E58FB7',X'3132312E3136303735',X'33312E323930333836'),
	(485,X'E89C9CE89C82E5A4A7E4B896E7958C',X'E58C97E4BAACE5B882E5AF86E4BA91E58CBA313031E59BBDE98193',X'3131372E3036363237',X'34302E3439373937'),
	(486,X'E694B6E88EB7E998B3E58589E585B1E4BAABE5869CE59BAD',X'E8BEBDE5AE81E79C81E6B288E998B3E5B882E6B288E58C97E696B0E58CBAE994A1E4BCAFE5A4A7E8A197',X'3132332E3334393035',X'34322E313339363934'),
	(487,X'47494E4B4FE69C89E69CBAE8939DE88E93E5869CE59CBA',X'E5B1B1E4B89CE79C81E5A881E6B5B7E5B882E4B9B3E5B1B1E5B882',X'3132312E3538303032',X'33362E393435313638'),
	(488,X'E6BAA2E9B29CE69E9CE59BADE7949FE68081E5AEB6E5BAADE5869CE59CBA',X'E5B1B1E4B89CE79C81E7839FE58FB0E5B882E6A096E99C9EE5B882E5A4A7E59490E7BABF',X'3132302E38353831',X'33372E3233313132'),
	(489,X'E587AFE9878CE5B882E995BFE6BA90E5869CE4B89AE585ACE58FB8',X'E8B4B5E5B79EE79C81E9BB94E4B89CE58D97E88B97E6978FE4BE97E6978FE887AAE6B2BBE5B79EE587AFE9878CE5B882',X'3130372E3937313835',X'32362E3635323631'),
	(490,X'E7A68FE5B79EE4BDB3E7BE8EE69C89E69CBAE5869CE59CBA',X'E7A68FE5BBBAE79C81E7A68FE5B79EE5B882E997BDE4BEAFE58EBFE4BAACE58FB0E9AB98E9809FE585ACE8B7AF',X'3131392E3036303132',X'32362E3235383835'),
	(491,X'E68890E983BDE5B882E6B8A9E6B19FE58CBAE5A4A9E9A699E78EABE791B0E7BC98',X'E59B9BE5B79DE79C81E68890E983BDE5B882E6B8A9E6B19FE58CBAE5A4A9E4B9A1E8B7AF32313838E58FB7',X'3130332E3738303131',X'33302E363937383435'),
	(492,X'E6988CE59089E5B882E585B1E4BAABE998B3E58589E59088E4BD9CE7A4BE',X'E696B0E79686E7BBB4E590BEE5B094E887AAE6B2BBE58CBAE6988CE59089E59B9EE6978FE887AAE6B2BBE5B79EE6988CE59089E5B882',X'38372E3139313138',X'34342E3039373238'),
	(493,X'E5B1B1E4B89CE79C81E4B8B4E6B2ADE58EBFE7BBBFE8B0B7E5AEB6E5BAADE5869CE59CBA',X'E5B1B1E4B89CE79C81E4B8B4E6B282E5B882E4B8B4E6B2ADE58EBF',X'3131382E3435373539',X'33342E383330373838'),
	(494,X'E99FA9E88081E4B889E58E9FE7949FE68081E9BB91E78CAA',X'E6B2B3E58C97E79C81E5BB8AE59D8AE5B882E4B889E6B2B3E5B882',X'3131362E393831353134',X'34302E303231313532'),
	(495,X'E58C97E4BAACE6B3B0E6B091E5908CE4B8B0E5869CE4B89AE69C89E99990E585ACE58FB8',X'E58C97E4BAACE5B882E5AF86E4BA91E58CBAE9A1BAE5AF86E8B7AF',X'3131362E3831393832303433393732393435',X'34302E3332323231343036313735303831'),
	(496,X'E6B0B8E99D96E5AF8CE699AFE5869CE4B89AE59BAD',X'E79498E88283E79C81E4B8B4E5A48FE59B9EE6978FE887AAE6B2BBE5B79EE6B0B8E99D96E58EBF',X'3130332E3235323738',X'33352E3839323934'),
	(497,X'E79498E88283E6A0BCE7919EE69C89E69CBAE88BB9E69E9CE5869CE59CBA',X'E79498E88283E79C81E5B9B3E58789E5B882E99D99E5AE81E58EBF',X'3130352E3530333434323434373030363336',X'33352E3337393433343738393633383133'),
	(498,X'E587A4E5B1B1E5A4A7E69EA3E6A8B1E6A183E6A097E5AD90E98787E69198E59BAD',X'E58C97E4BAACE5B882E68080E69F94E58CBAE58FB0E585B3E8B7AF',X'3131362E3535383732',X'34302E3332353531'),
	(499,X'E6A096E99C9EE7A2A7E5B1B1E69E9CE59381',X'E5B1B1E4B89CE79C81E7839FE58FB0E5B882E6A096E99C9EE5B882E5BEB7E4B8B0E8B7AF',X'3132302E383136373935',X'33372E323637333233'),
	(500,X'E79498E88283E6ADA6E5A881E89CBBE89C93E5BC80E5BF83E5869CE59CBA',X'E79498E88283E79C81E6ADA6E5A881E5B882E58789E5B79EE58CBAE98791E889B2E5A4A7E98193',X'3130322E3731333037',X'33372E3931333333'),
	(501,X'E983ABE983BDE58CBAE6BDAEE5869CE5AEB6E5BAADE5869CE59CBA',X'E59B9BE5B79DE79C81E68890E983BDE5B882E983ABE983BDE58CBAE5BDADE6B8A9E8B7AF',X'3130332E38313339',X'33302E3838323637'),
	(502,X'E4BA91E78E9BE789A7E59CBA',X'E58685E89299E58FA4E887AAE6B2BBE58CBAE994A1E69E97E983ADE58B92E79B9FE4B89CE4B98CE78FA0E7A986E6B281E69797E4B89CE9A38EE5A4A7E8A197',X'3131382E38323936363431333235373837',X'34352E3730393139393332353432343538'),
	(503,X'E69292E9A9ACE59D9DE6A2AFE794B0E7BAA2E7B1B3E59FBAE59CB0',X'E4BA91E58D97E79C81E7BAA2E6B2B3E59388E5B0BCE6978FE5BD9DE6978FE887AAE6B2BBE5B79EE7BAA2E6B2B3E58EBFE58EBFE98193473737',X'3130322E3335353133',X'32332E323834323632'),
	(504,X'E899ABE4B990E5869CE5BA84',X'E58C97E4BAACE5B882E6988CE5B9B3E58CBAE5908EE5A4A7E8B7AF',X'3131362E3337383431',X'34302E3139383936'),
	(505,X'E5B1B1E4B88EE5ADA3E9A38EE5869CE4BAA7E59381E5BC80E58F91E59088E4BD9CE7A4BE',X'E6B996E58D97E79C81E6B998E8A5BFE59C9FE5AEB6E6978FE88B97E6978FE887AAE6B2BBE5B79EE88AB1E59EA3E58EBF',X'3130392E3430353737313537313035303734',X'32382E333732393430373532363635343034'),
	(506,X'E88AB1E59EA3E58EBFE58586E4B8B0E5B9B4E7A78DE585BBE59088E4BD9CE7A4BE',X'E6B996E58D97E79C81E6B998E8A5BFE59C9FE5AEB6E6978FE88B97E6978FE887AAE6B2BBE5B79EE88AB1E59EA3E58EBF303636E58EBFE98193',X'3130392E32383132303336313130383037',X'32382E3436363737383530343631343436'),
	(507,X'E5B8AEE5B8AEE299A1E5BCA0E8BF9BE58589E7949FE68081E5869CE59BAD',X'E4BA91E58D97E79C81E69886E6988EE5B882E5AE89E5AE81E5B882',X'3130322E313937',X'32352E3038343135'),
	(508,X'E5B8AEE5B8AEE299A1E69D8EE69E97E7949FE68081E5869CE59BAD',X'E4BA91E58D97E79C81E69886E6988EE5B882E5AFBBE794B8E59B9EE6978FE5BD9DE6978FE887AAE6B2BBE58EBFE58C97E59BA2E7BABF',X'3130322E3832313433',X'32352E3436393936'),
	(509,X'E984A2E999B5E58EBFE5ADA3E5869BE5AEB6E5BAADE5869CE59CBA',X'E6B2B3E58D97E79C81E8AEB8E6988CE5B882E984A2E999B5E58EBF',X'3131342E323736353936',X'33332E373836373937'),
	(510,X'E69FA0E6AAACE5909BE7949FE68081E9A39FE69D90',X'E4BA91E58D97E79C81E78E89E6BAAAE5B882E58583E6B19FE59388E5B0BCE6978FE5BD9DE6978FE582A3E6978FE887AAE6B2BBE58EBF',X'3130312E3931373234393030313733353037',X'32332E363137383333393036333732323837'),
	(511,X'E7868AE78CABE7949FE68081E5A4A7E7B1B3E7A78DE6A48DE59BADE58CBA',X'E4BA91E58D97E79C81E69BB2E99D96E5B882E5B888E5AE97E58EBF',X'3130342E3334363833',X'32342E3632393735'),
	(512,X'E585ADE9BE99E5B1B1E585B4E99A86E7949FE68081E8858AE88289E99480E594AEE983A8',X'E8B4B5E5B79EE79C81E9939CE4BB81E5B882E7A2A7E6B19FE58CBA303134E4B9A1E98193',X'3130392E3333303335',X'32372E363237323232'),
	(513,X'E7AE80E998B3E5B882E79086E8BE89E5AEB6E5BAADE5869CE59CBA',X'E59B9BE5B79DE79C81E68890E983BDE5B882E7AE80E998B3E5B882',X'3130342E36363639',X'33302E343839313837'),
	(514,X'E5969CE788B1E88D89E88E93E7A78DE6A48DE59CBA',X'E9878DE5BA86E5B882E4B99DE9BE99E59DA1E58CBAE9BB84E6A285E8B7AF',X'3130362E3336303537',X'32392E3433353438'),
	(515,X'E88BB1E69DB0E5869CE59CBA',X'E99995E8A5BFE79C81E8A5BFE5AE89E5B882E8939DE794B0E58EBF353034E69D91E98193',X'3130392E3139303836353733363032323235',X'33342E3138373333383430313335383133'),
	(516,X'E6B290E6B08FE5BA84E59BADE5869CE59CBA',X'E5AE89E5BEBDE79C81E59088E882A5E5B882E5B7A2E6B996E5B882303832E58EBFE98193',X'3131372E3631323531303738373439353939',X'33312E333631333535343938323235313632'),
	(517,X'E5BC95E9BE99E7949FE68081E59BADE8A5BFE5AE89E890A5E99480E4B8ADE5BF83',X'E99995E8A5BFE79C81E8A5BFE5AE89E5B882E99B81E5A194E58CBAE4BA8CE78EAFE58D97E8B7AFE8A5BFE6AEB5',X'3130382E39333737',X'33342E3232393537'),
	(518,X'E7BBB5E998B3E4BC8AE794B8E5869CE59BAD',X'E59B9BE5B79DE79C81E7BBB5E998B3E5B882E6B6AAE59F8EE58CBAE98791E78EAFE7BABF',X'3130342E3632353632',X'33312E3334343332'),
	(519,X'E7839FE58FB0E88E89E5AEB6E5869CE59CBA',X'E5B1B1E4B89CE79C81E7839FE58FB0E5B882E88EB1E5B1B1E58CBA',X'3132312E35303431343936363932303936',X'33372E33383136343639353234313636'),
	(520,X'E4B889E782ABE5889BE6848FE5869CE4B89A',X'E99995E8A5BFE79C81E8A5BFE5AE89E5B882E984A0E98291E58CBA323531E4B9A1E98193',X'3130382E36383737323832333736373234',X'33342E3132323535303931353138303033'),
	(521,X'E98791E88AB1E585B1E4BAABE5869CE5BA84',X'E99995E8A5BFE79C81E8A5BFE5AE89E5B882E984A0E98291E58CBAE8BF9EE99C8DE9AB98E9809FE585ACE8B7AF',X'3130382E3631363938',X'33342E323537303838'),
	(522,X'E99484E99484E4B990E69C89E69CBAE7949FE68081E5869CE59CBA',X'E9BB91E9BE99E6B19FE79C81E58F8CE9B8ADE5B1B1E5B882E5AE9DE6B885E58EBF',X'3133322E32383436',X'34362E3535363334'),
	(523,X'E4B989E5869CE7949FE68081E5869CE59CBA',X'E58C97E4BAACE5B882E9A1BAE4B989E58CBA',X'3131362E37353536373138383235393337',X'34302E3237333439343330343332363831'),
	(524,X'E6B998E58C97E7949FE68081E5AEB6E5BAADE5869CE58E82',X'E6B996E58D97E79C81E995BFE6B299E5B882E6B58FE998B3E5B882303131E58EBFE98193',X'3131332E3531353235',X'32382E3431383038'),
	(525,X'E5928CE794B0E5A4A7E69EA3',X'E696B0E79686E7BBB4E590BEE5B094E887AAE6B2BBE58CBAE5928CE794B0E59CB0E58CBAE6B49BE6B5A6E58EBF',X'38302E343331393834',X'33372E303138383435'),
	(526,X'E99D92E5B29BE5BAB7E9B29CE7949FE794B0E59BAD',X'E5B1B1E4B89CE79C81E99D92E5B29BE5B882E88EB1E8A5BFE5B882E88DA3E6BD8DE9AB98E9809FE585ACE8B7AF',X'3132302E3239313030393630343437303436',X'33362E3834363632333832333834383037'),
	(527,X'E4B887E585A8E5AFA8E7BE8EE4B8BDE4B9A1E69D91',X'E6B996E58C97E79C81E9BB84E58688E5B882E7BD97E794B0E58EBF',X'3131352E3337343033',X'33302E3835383039'),
	(528,X'E98791E998B3E58589E69C89E69CBAE894ACE88F9CE59BAD',X'E5B1B1E4B89CE79C81E7839FE58FB0E5B882E88EB1E5B79EE5B882',X'3131392E3830343332',X'33372E3039323933'),
	(529,X'E6B19FE8A5BFE99A86E5B9B3E69C89E69CBAE5869CE4B89AE69C89E99990E585ACE58FB8',X'E6B19FE8A5BFE79C81E5AE9CE698A5E5B882E8A281E5B79EE58CBA',X'3131342E3235373634',X'32372E3637313636'),
	(530,X'E98791E9B9A4E69E9CE59BADE5AEB6E5BAADE5869CE59CBA',X'E6B599E6B19FE79C81E98791E58D8EE5B882E98791E4B89CE58CBA',X'3131392E3731323734',X'32392E3136373735'),
	(531,X'E5A682E79A8BE5B882E5A4A7E6AF9BE5AEB6E5BAADE5869CE59CBA',X'E6B19FE88B8FE79C81E58D97E9809AE5B882E5A682E79A8BE5B882E9BB84E58898E8B7AF',X'3132302E3630343632',X'33322E3231383434'),
	(532,X'E699BAE88194E789A7E59CBA',X'E58685E89299E58FA4E887AAE6B2BBE58CBAE8B5A4E5B3B0E5B882E998BFE9B281E7A791E5B094E6B281E69797',X'3131392E3533383738343030303436393031',X'34342E393836343437353534383036303834'),
	(533,X'E79B9BE7A78BE7949FE68081E5AEB6E5BAADE5869CE59CBA',X'E7A68FE5BBBAE79C81E4B889E6988EE5B882E5AE81E58C96E58EBF',X'3131362E353336313934',X'32362E333036373037'),
	(534,X'E7919EE4B8B0E7BBBFE58C96E88AB1E69CA8E88B97E59C83',X'E5B1B1E4B89CE79C81E69EA3E5BA84E5B882E5B384E59F8EE58CBA303137E58EBFE98193',X'3131372E3431333234',X'33342E3630373732'),
	(535,X'E4BA92E58AA9E7A4BEEFBC88E887AAE5AEB6E5869CE59CBAEFBC89',X'E5AE89E5BEBDE79C81E5AEA3E59F8EE5B882E5AEA3E5B79EE58CBA',X'3131382E3837333934353137363232363538',X'33302E37393737353332353637363638'),
	(536,X'E585BBE59CB0E5869CE887AAE784B6E5869CE59BAD',X'E6B19FE88B8FE79C81E5B8B8E5B79EE5B882E6BAA7E998B3E5B882E9BB84E6A1A5E7BABF',X'3131392E35343035',X'33312E323030363937'),
	(537,X'E59B9BE5ADA3E58886E4BAABE69C89E69CBAE5869CE59CBA',X'E5B9BFE4B89CE79C81E683A0E5B79EE5B882E683A0E998B3E58CBA323235E58EBFE98193',X'3131342E3433363137',X'32322E38363436'),
	(538,X'E887AAE985BFE590A7E4BFB1E4B990E983A8',X'E5B1B1E4B89CE79C81E6B58EE58D97E5B882E995BFE6B885E58CBAE4B887E5BD92E8B7AF',X'3131362E3839373735',X'33362E333336313738'),
	(539,X'E6ACA3E69E97E4B98BE5AEB6',X'E6B19FE88B8FE79C81E6B3B0E5B79EE5B882E99D96E6B19FE5B882E59B9BE59CA9E6B8AFE8B7AFE6A097E8BF8EE6AEB5',X'3132302E3139343936363437343938373534',X'33322E3033323739383738383833393631'),
	(540,X'E585B0E6BAAAE5B882E58FA4E7A59EE5B2A9E585B1E4BAABE5869CE59CBA',X'E6B599E6B19FE79C81E98791E58D8EE5B882E585B0E6BAAAE5B882',X'3131392E36323232353633393537353931',X'32392E3239343538303239373530323733'),
	(541,X'E5AFBFE58589E88F9CE58D9AE6B187',X'E5B1B1E4B89CE79C81E6BD8DE59D8AE5B882E5AFBFE58589E5B882E59CA3E59F8EE8A5BFE8A197',X'3131382E3636383937',X'33362E39303634'),
	(542,X'E5889BE699BAE5869CE59BAD',X'E4B88AE6B5B7E5B882E69DA8E6B5A6E58CBAE994A6E5B487E8B7AF',X'3132312E3530373436',X'33312E3330353735'),
	(543,X'E88081E99484E5A4B4E59088E4BD9CE7A4BE',X'E6B2B3E58C97E79C81E4BF9DE5AE9AE5B882E5AE89E59BBDE5B882E4B89CE99FA9E8A197',X'3131352E3336303035',X'33382E3333323931'),
	(544,X'E68A9AE5B79EE5BF97E7BF94E585B1E4BAA8E5869CE59CBA',X'E6B19FE8A5BFE79C81E68A9AE5B79EE5B882E4B8B4E5B79DE58CBA3730E59BBDE98193',X'3131362E3433333232',X'32372E3832303639'),
	(545,X'E6A293E79B9FE794B0E5BA84E5869CE59CBA',X'E4BA91E58D97E79C81E69886E6988EE5B882E4BA94E58D8EE58CBA303032E58EBFE98193',X'3130322E3637303936',X'32352E3232323639'),
	(546,X'E5AEB6E585A8E5869CE59CBA',X'E8BEBDE5AE81E79C81E5A4A7E8BF9EE5B882E5BA84E6B2B3E5B882',X'3132322E3730313837',X'33392E393039353736'),
	(547,X'E7BBBFE4B98BE99FB5E5869CE4B89AE4B893E4B89AE59088E4BD9CE7A4BE',X'E8BEBDE5AE81E79C81E5A4A7E8BF9EE5B882E5BA84E6B2B3E5B882E995BFE5A4A7E7BABF',X'3132322E363839333834',X'33392E3833383335'),
	(548,X'E8B5B5E6B091E88D89E88E93E98787E69198E59BAD',X'E8BEBDE5AE81E79C81E5A4A7E8BF9EE5B882E5BA84E6B2B3E5B882E995BFE5A4A7E7BABF',X'3132322E3639313534',X'33392E383337303933'),
	(549,X'E4B89BE5A4A7E58F94E88D89E88E93E98787E69198E59BAD',X'E8BEBDE5AE81E79C81E5A4A7E8BF9EE5B882E5BA84E6B2B3E5B882E5BA84E79B96E9AB98E9809FE585ACE8B7AF',X'3132322E373631303535',X'33392E383632353935'),
	(550,X'E5B1B1E6B0B4E69687E59BADE98787E69198E7A78DE6A48DE59FBAE59CB0',X'E58C97E4BAACE5B882E9A1BAE4B989E58CBAE8A5BFE9A9ACE59D8AE8B7AF',X'3131362E3535333037353830383333353438',X'34302E3236313132353933353832353934'),
	(551,X'E6B885E6B0B4E696B0E59C9FE8B186E5869CE59CBA',X'E79498E88283E79C81E585B0E5B79EE5B882E6A686E4B8ADE58EBF',X'3130342E3230303637',X'33352E373630323737'),
	(552,X'E6B998E6B2A9E4BABAE5AEB6',X'E6B996E58D97E79C81E995BFE6B299E5B882E69C9BE59F8EE58CBA303639E58EBFE98193',X'3131322E3831313837',X'32382E333937353234'),
	(553,X'E4BA91E7A78DE585BB415050',X'E58C97E4BAACE5B882E6B5B7E6B780E58CBAE5A4A9E7A780E8B7AF3130E58FB7',X'3131362E3237363135323336313438363331',X'34302E3032303233303732363235323736'),
	(554,X'E799BDE4BA91E5869CE59CBA',X'E58C97E4BAACE5B882E6988CE5B9B3E58CBA323133E79C81E98193',X'3131362E3336333132',X'34302E3238333631'),
	(555,X'E697A0E88AB1E69E9CE6A091',X'E58C97E4BAACE5B882E6B5B7E6B780E58CBAE4B89CE58C97E697BAE8A5BFE8B7AF38E58FB7',X'3131362E32393339363730363433323036',X'34302E30343739383339353437383739'),
	(556,X'E4B880E78FADE5869CE5A4ABE7BBBFE889B2E5869CE59CBA',X'E58C97E4BAACE5B882E9A1BAE4B989E58CBAE9A1BAE5AF86E8B7AF',X'3131362E3739373835',X'34302E3235373634'),
	(557,X'E5869CE79B8AE5AEA3E5BA84E59BAD',X'E8BEBDE5AE81E79C81E5A4A7E8BF9EE5B882E5BA84E6B2B3E5B882E4B887E79FB3E7BABF',X'3132322E363632343736',X'33392E3739363434'),
	(558,X'E5B1B1E4B89CE5A4A7E88BB9E69E9C',X'E58C97E4BAACE5B882E6B5B7E6B780E58CBAE6B885E58D8EE8A5BFE8B7AF3238E58FB7',X'3131362E3238393833',X'34302E3030393435'),
	(559,X'E585B4E58C96E5B882E5AE8FE58F91E7A78DE6A48DE5AEB6E5BAADE5869CE59CBA',X'E6B19FE88B8FE79C81E6B3B0E5B79EE5B882E585B4E58C96E5B882333132E58EBFE98193',X'3132302E3035353733',X'33322E373132393134'),
	(560,X'E88D89E5B8BDE5909BE5869CE59CBA',X'E5B9BFE4B89CE79C81E683A0E5B79EE5B882E683A0E998B3E58CBA',X'3131342E3437343336373036363035333035',X'32322E363936373933303934303931323035'),
	(561,X'E5AE9DE99A86E69C89E69CBAE78F8DE78FA0E9B8A1E585BBE6AE96E59FBAE59CB0',X'E696B0E79686E7BBB4E590BEE5B094E887AAE6B2BBE58CBAE5A194E59F8EE59CB0E58CBAE5928CE5B883E5858BE8B59BE5B094E89299E58FA4E887AAE6B2BBE58EBF',X'38362E3431323932',X'34362E333437383234'),
	(562,X'E4BA94E5B8B8E58E9FE7949FE68081E7A8BBE88AB1E9A699E7B1B3',X'E9BB91E9BE99E6B19FE79C81E59388E5B094E6BBA8E5B882E4BA94E5B8B8E5B882E788B1E6B091E8A1973635E58FB7',X'3132372E3230333337303031373631333537',X'34342E383136323637393132313534333136'),
	(563,X'E9B8A1E8A5BFE5B882E9BE99E78EBAE4B8B0E5AE89E5AEB6E5BAADE5869CE59CBA',X'E9BB91E9BE99E6B19FE79C81E9B8A1E8A5BFE5B882E59F8EE5AD90E6B2B3E58CBAE7B981E88DA3E8A197',X'3133312E30363734',X'34352E33313139'),
	(564,X'E894ACE9A699E997A8E7ACAC',X'E6B19FE88B8FE79C81E5AEBFE8BF81E5B882E6B397E998B3E58EBFE4BB93E98391E8B7AF',X'3131382E34393039',X'33332E373438373833'),
	(565,X'E9A9ACE99383E79498E9A39FE8B0B7',X'E8B4B5E5B79EE79C81E8B4B5E998B3E5B882E88AB1E6BAAAE58CBA313134E58EBFE98193',X'3130362E3537373336',X'32362E3236363638'),
	(566,X'E58C97E696B9E4BC8AE794B8E59BADE5869CE59CBA',X'E6B2B3E58C97E79C81E5BCA0E5AEB6E58FA3E5B882E5BAB7E4BF9DE58EBF353130E59BBDE98193',X'3131342E3635333235',X'34312E3838353531'),
	(567,X'E5869CE5A4ABE78E8BE59BBD',X'E5AE89E5BEBDE79C81E9989CE998B3E5B882E9A28DE5B79EE58CBA',X'3131352E3631323939',X'33322E3930393339'),
	(568,X'E9BAA6E59089E5869CE59CBA',X'E5AE89E5BEBDE79C81E585ADE5AE89E5B882E98791E5AFA8E58EBF',X'3131352E3838313732',X'33312E3737323337'),
	(569,X'E4BA91E9A1B6E5BA84E59BADE7949FE68081E5869CE59CBA',X'E5B1B1E8A5BFE79C81E5A4AAE58E9FE5B882E5A884E783A6E58EBFE6BD98E5B294E7BABF',X'3131312E3632333833',X'33372E383637');

/*!40000 ALTER TABLE `geo` ENABLE KEYS */;
UNLOCK TABLES;


# 转储表 oms_order
# ------------------------------------------------------------

DROP TABLE IF EXISTS `oms_order`;

CREATE TABLE `oms_order` (
  `id` bigint NOT NULL AUTO_INCREMENT COMMENT 'id',
  `order_sn` varchar(64) CHARACTER SET utf8mb4 COLLATE utf8mb4_general_ci NOT NULL DEFAULT '' COMMENT '订单号',
  `total_amount` bigint NOT NULL DEFAULT '0' COMMENT '订单总额（分）',
  `total_quantity` int NOT NULL DEFAULT '0' COMMENT '商品总数',
  `source` tinyint NOT NULL COMMENT '订单来源(1:APP；2:网页)',
  `status` int NOT NULL DEFAULT '101' COMMENT '订单状态：\r\n101->待付款；\r\n102->用户取消；\r\n103->系统取消；\r\n201->已付款；\r\n202->申请退款；\r\n203->已退款；\r\n301->待发货；\r\n401->已发货；\r\n501->用户收货；\r\n502->系统收货；\r\n901->已完成；',
  `remark` varchar(500) CHARACTER SET utf8mb4 COLLATE utf8mb4_general_ci NOT NULL DEFAULT '' COMMENT '订单备注',
  `member_id` bigint NOT NULL DEFAULT '0' COMMENT '会员id',
  `coupon_id` bigint NOT NULL DEFAULT '0' COMMENT '使用的优惠券',
  `coupon_amount` bigint NOT NULL DEFAULT '0' COMMENT '优惠券抵扣金额（分）',
  `freight_amount` bigint NOT NULL DEFAULT '0' COMMENT '运费金额（分）',
  `payment_amount` bigint NOT NULL DEFAULT '0' COMMENT '应付总额（分）',
  `pay_amount` bigint NOT NULL DEFAULT '0' COMMENT '应付总额（分）',
  `payment_time` datetime DEFAULT NULL COMMENT '支付时间',
  `payment_method` tinyint DEFAULT NULL COMMENT '支付方式(1：微信JSAPI；2：支付宝；3：余额；4：微信APP)',
  `out_trade_no` varchar(32) CHARACTER SET utf8mb4 COLLATE utf8mb4_general_ci DEFAULT NULL COMMENT '微信支付等第三方支付平台的商户订单号',
  `transaction_id` varchar(32) CHARACTER SET utf8mb4 COLLATE utf8mb4_general_ci DEFAULT NULL COMMENT '微信支付订单号',
  `out_refund_no` varchar(32) CHARACTER SET utf8mb4 COLLATE utf8mb4_general_ci DEFAULT NULL COMMENT '商户退款单号',
  `refund_id` varchar(32) CHARACTER SET utf8mb4 COLLATE utf8mb4_general_ci DEFAULT NULL COMMENT '微信退款单号',
  `delivery_time` datetime DEFAULT NULL COMMENT '发货时间',
  `receive_time` datetime DEFAULT NULL COMMENT '确认收货时间',
  `comment_time` datetime DEFAULT NULL COMMENT '评价时间',
  `created_at` datetime NOT NULL DEFAULT CURRENT_TIMESTAMP COMMENT '创建时间',
  `updated_at` datetime NOT NULL DEFAULT CURRENT_TIMESTAMP ON UPDATE CURRENT_TIMESTAMP COMMENT '更新时间',
  `deleted_at` bigint NOT NULL DEFAULT '0',
  PRIMARY KEY (`id`) USING BTREE,
  UNIQUE KEY `index_order_sn` (`order_sn`) USING BTREE COMMENT '订单号唯一索引',
  UNIQUE KEY `index_otn` (`out_trade_no`) USING BTREE COMMENT '商户订单号唯一索引',
  UNIQUE KEY `index_ti` (`transaction_id`) USING BTREE COMMENT '商户支付单号唯一索引',
  UNIQUE KEY `index_orn` (`out_refund_no`) USING BTREE COMMENT '商户退款单号唯一索引',
  UNIQUE KEY `index_ri` (`refund_id`) USING BTREE COMMENT '退款单号唯一索引'
) ENGINE=InnoDB DEFAULT CHARSET=utf8mb4 COLLATE=utf8mb4_general_ci ROW_FORMAT=DYNAMIC COMMENT='订单详情表';



# 转储表 oms_order_delivery
# ------------------------------------------------------------

DROP TABLE IF EXISTS `oms_order_delivery`;

CREATE TABLE `oms_order_delivery` (
  `id` bigint NOT NULL AUTO_INCREMENT COMMENT 'id',
  `order_id` bigint NOT NULL COMMENT '订单id',
  `delivery_company` varchar(64) CHARACTER SET utf8mb4 COLLATE utf8mb4_general_ci NOT NULL DEFAULT '' COMMENT '物流公司(配送方式)',
  `delivery_sn` varchar(64) CHARACTER SET utf8mb4 COLLATE utf8mb4_general_ci NOT NULL DEFAULT '' COMMENT '物流单号',
  `receiver_name` varchar(100) CHARACTER SET utf8mb4 COLLATE utf8mb4_general_ci NOT NULL DEFAULT '' COMMENT '收货人姓名',
  `receiver_phone` varchar(32) CHARACTER SET utf8mb4 COLLATE utf8mb4_general_ci NOT NULL DEFAULT '' COMMENT '收货人电话',
  `receiver_post_code` varchar(32) CHARACTER SET utf8mb4 COLLATE utf8mb4_general_ci NOT NULL DEFAULT '' COMMENT '收货人邮编',
  `receiver_province` varchar(32) CHARACTER SET utf8mb4 COLLATE utf8mb4_general_ci NOT NULL DEFAULT '' COMMENT '省份/直辖市',
  `receiver_city` varchar(32) CHARACTER SET utf8mb4 COLLATE utf8mb4_general_ci NOT NULL DEFAULT '' COMMENT '城市',
  `receiver_region` varchar(32) CHARACTER SET utf8mb4 COLLATE utf8mb4_general_ci NOT NULL DEFAULT '' COMMENT '区',
  `receiver_detail_address` varchar(500) CHARACTER SET utf8mb4 COLLATE utf8mb4_general_ci NOT NULL DEFAULT '' COMMENT '详细地址',
  `remark` varchar(500) CHARACTER SET utf8mb4 COLLATE utf8mb4_general_ci NOT NULL DEFAULT '' COMMENT '备注',
  `delivery_status` tinyint DEFAULT '0' COMMENT '物流状态【0->运输中；1->已收货】',
  `delivery_time` datetime DEFAULT NULL COMMENT '发货时间',
  `receive_time` datetime DEFAULT NULL COMMENT '确认收货时间',
  `created_at` datetime NOT NULL DEFAULT CURRENT_TIMESTAMP COMMENT '创建时间',
  `updated_at` datetime NOT NULL DEFAULT CURRENT_TIMESTAMP ON UPDATE CURRENT_TIMESTAMP COMMENT '更新时间',
  `deleted_at` bigint NOT NULL DEFAULT '0',
  PRIMARY KEY (`id`) USING BTREE
) ENGINE=InnoDB DEFAULT CHARSET=utf8mb4 COLLATE=utf8mb4_general_ci ROW_FORMAT=DYNAMIC COMMENT='订单物流记录表';



# 转储表 oms_order_item
# ------------------------------------------------------------

DROP TABLE IF EXISTS `oms_order_item`;

CREATE TABLE `oms_order_item` (
  `id` bigint NOT NULL AUTO_INCREMENT COMMENT 'id',
  `order_id` bigint NOT NULL COMMENT '订单ID',
  `spu_name` varchar(128) CHARACTER SET utf8mb4 COLLATE utf8mb4_general_ci DEFAULT NULL COMMENT '商品名称',
  `sku_id` bigint NOT NULL DEFAULT '0' COMMENT '商品ID',
  `sku_sn` varchar(64) CHARACTER SET utf8mb4 COLLATE utf8mb4_general_ci NOT NULL DEFAULT '' COMMENT '商品编码',
  `sku_name` varchar(128) CHARACTER SET utf8mb4 COLLATE utf8mb4_general_ci NOT NULL DEFAULT '' COMMENT '规格名称',
  `pic_url` varchar(255) CHARACTER SET utf8mb4 COLLATE utf8mb4_general_ci NOT NULL DEFAULT '' COMMENT '商品图片',
  `price` bigint NOT NULL DEFAULT '0' COMMENT '商品单价(单位：分)',
  `quantity` int DEFAULT NULL COMMENT '商品数量',
  `total_amount` bigint NOT NULL DEFAULT '0' COMMENT '商品总价(单位：分)',
  `created_at` datetime NOT NULL DEFAULT CURRENT_TIMESTAMP COMMENT '创建时间',
  `updated_at` datetime NOT NULL DEFAULT CURRENT_TIMESTAMP ON UPDATE CURRENT_TIMESTAMP COMMENT '更新时间',
  `deleted_at` bigint NOT NULL DEFAULT '0',
  PRIMARY KEY (`id`) USING BTREE,
  KEY `index_order_id` (`order_id`) USING BTREE COMMENT '订单id索引'
) ENGINE=InnoDB DEFAULT CHARSET=utf8mb4 COLLATE=utf8mb4_general_ci ROW_FORMAT=DYNAMIC COMMENT='订单商品信息表';



# 转储表 oms_order_log
# ------------------------------------------------------------

DROP TABLE IF EXISTS `oms_order_log`;

CREATE TABLE `oms_order_log` (
  `id` bigint NOT NULL AUTO_INCREMENT COMMENT 'id',
  `order_id` bigint NOT NULL COMMENT '订单id',
  `user` varchar(100) CHARACTER SET utf8mb4 COLLATE utf8mb4_general_ci DEFAULT NULL COMMENT '操作人[用户；系统；后台管理员]',
  `detail` varchar(255) CHARACTER SET utf8mb4 COLLATE utf8mb4_general_ci NOT NULL DEFAULT '' COMMENT '操作详情',
  `order_status` int DEFAULT NULL COMMENT '操作时订单状态',
  `remark` varchar(500) CHARACTER SET utf8mb4 COLLATE utf8mb4_general_ci NOT NULL DEFAULT '' COMMENT '备注',
  `created_at` datetime NOT NULL DEFAULT CURRENT_TIMESTAMP COMMENT '创建时间',
  `updated_at` datetime NOT NULL DEFAULT CURRENT_TIMESTAMP ON UPDATE CURRENT_TIMESTAMP COMMENT '更新时间',
  `deleted_at` bigint NOT NULL DEFAULT '0',
  PRIMARY KEY (`id`) USING BTREE
) ENGINE=InnoDB DEFAULT CHARSET=utf8mb4 COLLATE=utf8mb4_general_ci ROW_FORMAT=DYNAMIC COMMENT='订单操作历史记录';



# 转储表 oms_order_pay
# ------------------------------------------------------------

DROP TABLE IF EXISTS `oms_order_pay`;

CREATE TABLE `oms_order_pay` (
  `id` bigint NOT NULL AUTO_INCREMENT COMMENT 'id',
  `order_id` bigint NOT NULL COMMENT '订单id',
  `pay_sn` varchar(128) CHARACTER SET utf8mb4 COLLATE utf8mb4_0900_ai_ci NOT NULL DEFAULT '' COMMENT '支付流水号',
  `pay_amount` bigint NOT NULL DEFAULT '0' COMMENT '应付总额(分)',
  `pay_time` datetime NOT NULL COMMENT '支付时间',
  `pay_type` tinyint NOT NULL COMMENT '支付方式【1->支付宝；2->微信；3->银联； 4->货到付款；】',
  `pay_status` tinyint NOT NULL COMMENT '支付状态',
  `confirm_time` datetime NOT NULL COMMENT '确认时间',
  `callback_content` varchar(500) CHARACTER SET utf8mb4 COLLATE utf8mb4_general_ci NOT NULL DEFAULT '' COMMENT '回调内容',
  `callback_time` datetime NOT NULL COMMENT '回调时间',
  `pay_subject` varchar(200) CHARACTER SET utf8mb4 COLLATE utf8mb4_general_ci NOT NULL DEFAULT '' COMMENT '交易内容',
  `created_at` datetime NOT NULL DEFAULT CURRENT_TIMESTAMP COMMENT '创建时间',
  `updated_at` datetime NOT NULL DEFAULT CURRENT_TIMESTAMP ON UPDATE CURRENT_TIMESTAMP COMMENT '更新时间',
  `deleted_at` bigint NOT NULL DEFAULT '0',
  PRIMARY KEY (`id`) USING BTREE
) ENGINE=InnoDB DEFAULT CHARSET=utf8mb4 COLLATE=utf8mb4_general_ci ROW_FORMAT=DYNAMIC COMMENT='支付信息表';



# 转储表 oms_order_setting
# ------------------------------------------------------------

DROP TABLE IF EXISTS `oms_order_setting`;

CREATE TABLE `oms_order_setting` (
  `id` bigint NOT NULL AUTO_INCREMENT COMMENT 'id',
  `flash_order_overtime` int NOT NULL COMMENT '秒杀订单超时关闭时间(分)',
  `normal_order_overtime` int NOT NULL COMMENT '正常订单超时时间(分)',
  `confirm_overtime` int NOT NULL COMMENT '发货后自动确认收货时间（天）',
  `finish_overtime` int NOT NULL COMMENT '自动完成交易时间，不能申请退货（天）',
  `comment_overtime` int NOT NULL COMMENT '订单完成后自动好评时间（天）',
  `member_level` tinyint NOT NULL COMMENT '会员等级【0-不限会员等级，全部通用；其他-对应的其他会员等级】',
  `created_at` datetime NOT NULL DEFAULT CURRENT_TIMESTAMP COMMENT '创建时间',
  `updated_at` datetime NOT NULL DEFAULT CURRENT_TIMESTAMP ON UPDATE CURRENT_TIMESTAMP COMMENT '更新时间',
  `deleted_at` bigint NOT NULL DEFAULT '0',
  PRIMARY KEY (`id`) USING BTREE
) ENGINE=InnoDB DEFAULT CHARSET=utf8mb4 COLLATE=utf8mb4_general_ci ROW_FORMAT=DYNAMIC COMMENT='订单配置信息';



# 转储表 pms_brand
# ------------------------------------------------------------

DROP TABLE IF EXISTS `pms_brand`;

CREATE TABLE `pms_brand` (
  `id` bigint NOT NULL AUTO_INCREMENT COMMENT '主键',
  `shop_id` bigint NOT NULL DEFAULT '0' COMMENT 'shopID',
  `name` varchar(64) CHARACTER SET utf8mb4 COLLATE utf8mb4_general_ci NOT NULL COMMENT '品牌名称',
  `logo` varchar(255) CHARACTER SET utf8mb4 COLLATE utf8mb4_general_ci NOT NULL COMMENT 'LOGO图片',
  `sort` int NOT NULL COMMENT '排序',
  `created_at` datetime NOT NULL COMMENT '创建时间',
  `updated_at` datetime NOT NULL COMMENT '更新时间',
  `deleted_at` bigint NOT NULL DEFAULT '0',
  PRIMARY KEY (`id`) USING BTREE,
  KEY `shop_id` (`shop_id`) USING BTREE
) ENGINE=InnoDB DEFAULT CHARSET=utf8mb4 COLLATE=utf8mb4_general_ci ROW_FORMAT=DYNAMIC COMMENT='商品品牌表';

LOCK TABLES `pms_brand` WRITE;
/*!40000 ALTER TABLE `pms_brand` DISABLE KEYS */;

INSERT INTO `pms_brand` (`id`, `shop_id`, `name`, `logo`, `sort`, `created_at`, `updated_at`, `deleted_at`)
VALUES
	(1,1,'有来','https://img.imguo.com/files/2023/10/13/7d51f441-9554-4008-9120-304254e00ce5.jpeg',1,'2021-07-11 19:56:58','2021-07-11 20:02:54',0),
	(10,1,'小米','https://img.imguo.com/files/2023/10/13/7d51f441-9554-4008-9120-304254e00ce5.jpeg',2,'2022-03-05 16:12:16','2022-03-05 16:12:16',0),
	(11,1,'华硕','https://img.imguo.com/files/2023/10/13/7d51f441-9554-4008-9120-304254e00ce5.jpeg',3,'2022-03-05 16:12:16','2022-03-05 16:12:16',0),
	(20,1,'华为','https://img.imguo.com/files/2023/10/13/7d51f441-9554-4008-9120-304254e00ce5.jpeg',1,'2022-05-06 23:08:33','2022-05-06 23:08:33',0),
	(33,1,'惠普','https://img.imguo.com/files/2023/10/13/7d51f441-9554-4008-9120-304254e00ce5.jpeg',1,'2022-07-07 00:12:16','2022-07-07 00:12:16',1699431676),
	(34,1,'测试','https://img.imguo.com/files/2023/11/08/15a7e93b-1287-4538-b450-61976b3379d1.png',2,'2023-11-08 16:24:11','2023-11-08 16:38:33',0),
	(35,2,'康师傅','https://img.imguo.com/files/2023/11/20/f11e1d79-3a70-430e-b1d8-565c69744bf7.png',1,'2023-11-20 13:04:48','2023-11-20 13:06:35',0);

/*!40000 ALTER TABLE `pms_brand` ENABLE KEYS */;
UNLOCK TABLES;


# 转储表 pms_category
# ------------------------------------------------------------

DROP TABLE IF EXISTS `pms_category`;

CREATE TABLE `pms_category` (
  `id` bigint NOT NULL AUTO_INCREMENT COMMENT '主键',
  `shop_id` bigint NOT NULL DEFAULT '0' COMMENT 'shop_id',
  `parent_id` bigint NOT NULL DEFAULT '0' COMMENT '父级ID',
  `name` varchar(64) CHARACTER SET utf8mb4 COLLATE utf8mb4_general_ci NOT NULL COMMENT '商品分类名称',
  `icon` varchar(255) CHARACTER SET utf8mb4 COLLATE utf8mb4_general_ci NOT NULL COMMENT '图标地址',
  `sort` int NOT NULL DEFAULT '1' COMMENT '排序',
  `visible` tinyint(1) NOT NULL DEFAULT '1' COMMENT '显示状态:( 0:隐藏 1:显示)',
  `created_at` datetime DEFAULT CURRENT_TIMESTAMP COMMENT '创建时间',
  `updated_at` datetime DEFAULT CURRENT_TIMESTAMP ON UPDATE CURRENT_TIMESTAMP COMMENT '更新时间',
  `deleted_at` bigint NOT NULL DEFAULT '0',
  PRIMARY KEY (`id`) USING BTREE
) ENGINE=InnoDB DEFAULT CHARSET=utf8mb4 COLLATE=utf8mb4_general_ci ROW_FORMAT=DYNAMIC COMMENT='商品分类表';

LOCK TABLES `pms_category` WRITE;
/*!40000 ALTER TABLE `pms_category` DISABLE KEYS */;

INSERT INTO `pms_category` (`id`, `shop_id`, `parent_id`, `name`, `icon`, `sort`, `visible`, `created_at`, `updated_at`, `deleted_at`)
VALUES
	(3,1,0,'手机配件','https://img.imguo.com/files/2023/10/13/7d51f441-9554-4008-9120-304254e00ce5.jpeg',2,1,'2022-02-25 11:22:44','2023-10-27 16:45:02',0),
	(4,1,3,'智能手机','https://img.imguo.com/files/2023/10/13/7d51f441-9554-4008-9120-304254e00ce5.jpeg',1,1,'2022-02-25 11:22:44','2023-10-27 16:45:03',0),
	(5,1,4,'5g手机','https://img.imguo.com/files/2023/10/13/7d51f441-9554-4008-9120-304254e00ce5.jpeg',1,1,'2022-02-25 11:22:44','2023-10-27 16:45:04',0),
	(6,1,0,'电脑办公','https://img.imguo.com/files/2023/10/13/7d51f441-9554-4008-9120-304254e00ce5.jpeg',1,1,'2022-02-25 11:22:44','2023-10-27 16:45:05',0),
	(97,1,6,'笔记本电脑','https://img.imguo.com/files/2023/10/13/7d51f441-9554-4008-9120-304254e00ce5.jpeg',100,1,'2022-07-08 00:10:27','2023-10-27 16:45:05',0),
	(99,1,97,'轻薄本','https://img.imguo.com/files/2023/10/13/7d51f441-9554-4008-9120-304254e00ce5.jpeg',100,1,'2022-07-08 00:14:03','2023-10-27 16:45:06',0),
	(100,1,97,'全能本','https://img.imguo.com/files/2023/10/13/7d51f441-9554-4008-9120-304254e00ce5.jpeg',100,1,'2022-07-08 00:14:10','2023-10-27 16:45:07',0),
	(101,1,97,'游戏本','https://img.imguo.com/files/2023/10/13/7d51f441-9554-4008-9120-304254e00ce5.jpeg',100,0,'2022-07-08 00:14:18','2023-11-10 09:54:00',0),
	(102,2,0,'零食','https://img.imguo.com/files/2023/11/20/6b975f80-950a-4bdf-856d-026b4e07c473.png',1,1,'2023-11-20 13:05:24','2023-11-20 13:05:24',0),
	(103,2,102,'饼干','https://img.imguo.com/files/2023/11/20/76c2f013-3b41-4abe-bd67-625cce86904b.png',1,1,'2023-11-20 13:06:18','2023-11-20 13:06:18',0),
	(104,2,103,'康师傅','https://img.imguo.com/files/2023/12/27/bd8c2647-62bc-4cc3-9eb8-2231b5756224.png',1,1,'2023-12-27 11:52:53','2023-12-27 11:52:53',0);

/*!40000 ALTER TABLE `pms_category` ENABLE KEYS */;
UNLOCK TABLES;


# 转储表 pms_category_attribute
# ------------------------------------------------------------

DROP TABLE IF EXISTS `pms_category_attribute`;

CREATE TABLE `pms_category_attribute` (
  `id` bigint NOT NULL AUTO_INCREMENT COMMENT '主键',
  `category_id` bigint NOT NULL COMMENT '分类ID',
  `name` varchar(64) CHARACTER SET utf8mb4 COLLATE utf8mb4_general_ci NOT NULL COMMENT '属性名称',
  `type` tinyint NOT NULL COMMENT '类型(1:规格;2:属性;)',
  `created_at` datetime NOT NULL DEFAULT CURRENT_TIMESTAMP COMMENT '创建时间',
  `updated_at` datetime NOT NULL DEFAULT CURRENT_TIMESTAMP ON UPDATE CURRENT_TIMESTAMP COMMENT '更新时间',
  PRIMARY KEY (`id`) USING BTREE,
  KEY `fk_pms_attr_pms_category` (`category_id`) USING BTREE
) ENGINE=InnoDB DEFAULT CHARSET=utf8mb4 COLLATE=utf8mb4_general_ci ROW_FORMAT=DYNAMIC COMMENT='商品属性表';

LOCK TABLES `pms_category_attribute` WRITE;
/*!40000 ALTER TABLE `pms_category_attribute` DISABLE KEYS */;

INSERT INTO `pms_category_attribute` (`id`, `category_id`, `name`, `type`, `created_at`, `updated_at`)
VALUES
	(34,5,'颜色',1,'2021-07-11 17:57:06','2022-07-01 00:08:19'),
	(35,5,'规格',1,'2021-07-11 18:00:06','2022-07-01 00:08:19'),
	(36,5,'上市时间',2,'2021-07-11 18:00:08','2022-06-01 17:41:05');

/*!40000 ALTER TABLE `pms_category_attribute` ENABLE KEYS */;
UNLOCK TABLES;


# 转储表 pms_goods
# ------------------------------------------------------------

DROP TABLE IF EXISTS `pms_goods`;

CREATE TABLE `pms_goods` (
  `id` bigint NOT NULL AUTO_INCREMENT COMMENT '主键',
  `name` varchar(64) CHARACTER SET utf8mb4 COLLATE utf8mb4_general_ci NOT NULL COMMENT '商品名称',
  `shop_id` int NOT NULL DEFAULT '1' COMMENT 'shopID',
  `category_id` bigint NOT NULL COMMENT '商品类型ID',
  `brand_id` bigint NOT NULL COMMENT '商品品牌ID',
  `origin_price` bigint NOT NULL COMMENT '原价【起】',
  `price` bigint NOT NULL COMMENT '现价【起】',
  `sales` int NOT NULL DEFAULT '0' COMMENT '销量',
  `pic_url` varchar(255) CHARACTER SET utf8mb4 COLLATE utf8mb4_general_ci NOT NULL DEFAULT '' COMMENT '商品主图',
  `album` varchar(5120) CHARACTER SET utf8mb4 COLLATE utf8mb4_general_ci NOT NULL DEFAULT '' COMMENT '商品图册',
  `unit` varchar(16) CHARACTER SET utf8mb4 COLLATE utf8mb4_general_ci NOT NULL DEFAULT '' COMMENT '单位',
  `description` varchar(255) CHARACTER SET utf8mb4 COLLATE utf8mb4_general_ci NOT NULL DEFAULT '' COMMENT '商品简介',
  `detail` text CHARACTER SET utf8mb4 COLLATE utf8mb4_general_ci NOT NULL COMMENT '商品详情',
  `status` tinyint NOT NULL DEFAULT '1' COMMENT '商品状态(0:下架 1:上架)',
  `created_at` datetime NOT NULL DEFAULT CURRENT_TIMESTAMP COMMENT '创建时间',
  `updated_at` datetime NOT NULL DEFAULT CURRENT_TIMESTAMP ON UPDATE CURRENT_TIMESTAMP COMMENT '更新时间',
  `deleted_at` bigint NOT NULL DEFAULT '0',
  PRIMARY KEY (`id`) USING BTREE,
  KEY `fk_pms_spu_pms_brand` (`brand_id`) USING BTREE,
  KEY `fk_pms_spu_pms_category` (`category_id`) USING BTREE,
  KEY `deleted_at` (`deleted_at`),
  KEY `shop_id` (`shop_id`)
) ENGINE=InnoDB DEFAULT CHARSET=utf8mb4 COLLATE=utf8mb4_general_ci ROW_FORMAT=DYNAMIC COMMENT='商品表';

LOCK TABLES `pms_goods` WRITE;
/*!40000 ALTER TABLE `pms_goods` DISABLE KEYS */;

INSERT INTO `pms_goods` (`id`, `name`, `shop_id`, `category_id`, `brand_id`, `origin_price`, `price`, `sales`, `pic_url`, `album`, `unit`, `description`, `detail`, `status`, `created_at`, `updated_at`, `deleted_at`)
VALUES
	(1,'测试',1,5,1,100,200,0,'https://img.imguo.com/files/2023/11/09/96b96503-3e5a-4df8-a402-94308c028106.png','https://img.imguo.com/files/2023/11/09/692e12e1-2718-47e1-a42a-487f83d5c926.png','个','测试','<p>彻思叔叔</p>',1,'2023-11-09 16:41:46','2023-12-25 22:30:46',0);

/*!40000 ALTER TABLE `pms_goods` ENABLE KEYS */;
UNLOCK TABLES;


# 转储表 pms_goods_attribute
# ------------------------------------------------------------

DROP TABLE IF EXISTS `pms_goods_attribute`;

CREATE TABLE `pms_goods_attribute` (
  `id` bigint NOT NULL AUTO_INCREMENT COMMENT '主键',
  `goods_id` bigint NOT NULL COMMENT '产品ID',
  `attribute_id` bigint NOT NULL DEFAULT '0' COMMENT '属性ID',
  `name` varchar(64) CHARACTER SET utf8mb4 COLLATE utf8mb4_general_ci NOT NULL COMMENT '属性名称',
  `value` varchar(128) CHARACTER SET utf8mb4 COLLATE utf8mb4_general_ci NOT NULL COMMENT '属性值',
  `type` tinyint NOT NULL COMMENT '类型(1:规格;2:属性;)',
  `pic_url` varchar(255) CHARACTER SET utf8mb4 COLLATE utf8mb4_general_ci NOT NULL DEFAULT '' COMMENT '规格图片',
  `status` tinyint NOT NULL DEFAULT '1' COMMENT '1',
  `created_at` datetime NOT NULL DEFAULT CURRENT_TIMESTAMP,
  `updated_at` datetime NOT NULL DEFAULT CURRENT_TIMESTAMP ON UPDATE CURRENT_TIMESTAMP,
  `deleted_at` bigint NOT NULL DEFAULT '0',
  PRIMARY KEY (`id`) USING BTREE,
  KEY `fk_pms_spu_attribute_pms_attr` (`name`) USING BTREE,
  KEY `fk_pms_spu_attribute_pms_spu` (`goods_id`) USING BTREE,
  KEY `deleted_at` (`deleted_at`)
) ENGINE=InnoDB DEFAULT CHARSET=utf8mb4 COLLATE=utf8mb4_general_ci ROW_FORMAT=DYNAMIC COMMENT='商品属性/规格表';

LOCK TABLES `pms_goods_attribute` WRITE;
/*!40000 ALTER TABLE `pms_goods_attribute` DISABLE KEYS */;

INSERT INTO `pms_goods_attribute` (`id`, `goods_id`, `attribute_id`, `name`, `value`, `type`, `pic_url`, `status`, `created_at`, `updated_at`, `deleted_at`)
VALUES
	(1,1,0,'品牌','芒果',2,'',1,'2023-11-09 16:41:46','2023-12-25 22:30:46',0),
	(2,1,0,'颜色','红',1,'https://img.imguo.com/files/2023/11/11/7fea8284-5d15-4621-a2c5-21c9c10e727e.png',1,'2023-11-09 16:41:46','2023-12-25 22:30:46',0),
	(3,1,0,'颜色','黄',1,'',0,'2023-11-09 16:41:46','2023-11-11 23:39:56',0),
	(4,1,0,'尺寸','x',1,'',1,'2023-11-09 16:41:46','2023-12-25 22:30:46',0),
	(5,1,0,'尺寸','m',1,'',1,'2023-11-09 16:41:46','2023-12-25 22:30:46',0);

/*!40000 ALTER TABLE `pms_goods_attribute` ENABLE KEYS */;
UNLOCK TABLES;


# 转储表 pms_shop
# ------------------------------------------------------------

DROP TABLE IF EXISTS `pms_shop`;

CREATE TABLE `pms_shop` (
  `id` int unsigned NOT NULL AUTO_INCREMENT COMMENT 'id',
  `name` varchar(128) CHARACTER SET utf8mb4 COLLATE utf8mb4_general_ci NOT NULL DEFAULT '' COMMENT '店铺名称',
  `tel` varchar(16) CHARACTER SET utf8mb4 COLLATE utf8mb4_general_ci NOT NULL DEFAULT '' COMMENT '店铺电话',
  `notice` varchar(128) CHARACTER SET utf8mb4 COLLATE utf8mb4_general_ci NOT NULL DEFAULT '' COMMENT '公告',
  `lng` varchar(255) CHARACTER SET utf8 COLLATE utf8_general_ci DEFAULT '',
  `lat` varchar(255) CHARACTER SET utf8 COLLATE utf8_general_ci DEFAULT '',
  `address` varchar(255) CHARACTER SET utf8 COLLATE utf8_general_ci DEFAULT '',
  `distribution_fee` decimal(10,2) NOT NULL DEFAULT '0.00' COMMENT '配送费',
  `status` tinyint NOT NULL DEFAULT '1',
  `created_at` datetime NOT NULL DEFAULT CURRENT_TIMESTAMP,
  `updated_at` datetime NOT NULL DEFAULT CURRENT_TIMESTAMP ON UPDATE CURRENT_TIMESTAMP,
  `deleted_at` bigint NOT NULL DEFAULT '0',
  PRIMARY KEY (`id`),
  KEY `deleted_at` (`deleted_at`)
) ENGINE=InnoDB DEFAULT CHARSET=utf8mb4 COLLATE=utf8mb4_general_ci COMMENT='店铺';

LOCK TABLES `pms_shop` WRITE;
/*!40000 ALTER TABLE `pms_shop` DISABLE KEYS */;

INSERT INTO `pms_shop` (`id`, `name`, `tel`, `notice`, `lng`, `lat`, `address`, `distribution_fee`, `status`, `created_at`, `updated_at`, `deleted_at`)
VALUES
	(1,'有个商城','18600008888','黑店不黑','','',NULL,1.00,1,'2023-10-25 20:38:36','2023-10-26 11:37:25',0),
	(2,'有个商城2','18600008888','黑店不黑','','',NULL,1.00,1,'2023-10-25 20:38:36','2023-10-26 11:37:25',0);

/*!40000 ALTER TABLE `pms_shop` ENABLE KEYS */;
UNLOCK TABLES;


# 转储表 pms_sku
# ------------------------------------------------------------

DROP TABLE IF EXISTS `pms_sku`;

CREATE TABLE `pms_sku` (
  `id` bigint NOT NULL AUTO_INCREMENT,
  `goods_id` bigint NOT NULL COMMENT 'goods ID',
  `sku_sn` varchar(64) CHARACTER SET utf8mb4 COLLATE utf8mb4_general_ci NOT NULL COMMENT '商品编码',
  `name` varchar(128) CHARACTER SET utf8mb4 COLLATE utf8mb4_general_ci NOT NULL COMMENT '商品名称',
  `spec_ids` varchar(255) CHARACTER SET utf8mb4 COLLATE utf8mb4_general_ci NOT NULL COMMENT '商品规格值，以英文逗号(,)分割',
  `price` bigint NOT NULL COMMENT '商品价格(单位：分)',
  `stock` int NOT NULL DEFAULT '0' COMMENT '库存数量',
  `locked_stock` int NOT NULL DEFAULT '0' COMMENT '库存锁定数量',
  `pic_url` varchar(255) CHARACTER SET utf8mb4 COLLATE utf8mb4_general_ci NOT NULL COMMENT '商品图片地址',
  `status` tinyint NOT NULL DEFAULT '1',
  `created_at` datetime NOT NULL DEFAULT CURRENT_TIMESTAMP COMMENT '创建时间',
  `updated_at` datetime NOT NULL DEFAULT CURRENT_TIMESTAMP ON UPDATE CURRENT_TIMESTAMP COMMENT '更新时间',
  `deleted_at` bigint NOT NULL DEFAULT '0',
  PRIMARY KEY (`id`) USING BTREE,
  KEY `fk_pms_sku_pms_spu` (`goods_id`) USING BTREE
) ENGINE=InnoDB DEFAULT CHARSET=utf8mb4 COLLATE=utf8mb4_general_ci ROW_FORMAT=DYNAMIC COMMENT='商品库存表';

LOCK TABLES `pms_sku` WRITE;
/*!40000 ALTER TABLE `pms_sku` DISABLE KEYS */;

INSERT INTO `pms_sku` (`id`, `goods_id`, `sku_sn`, `name`, `spec_ids`, `price`, `stock`, `locked_stock`, `pic_url`, `status`, `created_at`, `updated_at`, `deleted_at`)
VALUES
	(1,1,'sn1001','红 x','2_4',1100,99,0,'https://img.imguo.com/files/2023/11/11/7fea8284-5d15-4621-a2c5-21c9c10e727e.png',1,'2023-11-09 16:41:46','2023-12-25 22:30:46',0),
	(2,1,'sn1002','红 m','2_5',1150,999,0,'https://img.imguo.com/files/2023/11/11/7fea8284-5d15-4621-a2c5-21c9c10e727e.png',1,'2023-11-09 16:41:46','2023-12-25 22:30:46',0),
	(3,1,'sn103','黄 x','3_4',1200,111,0,'',0,'2023-11-09 16:41:46','2023-11-11 23:39:56',0),
	(4,1,'sn104','黄 m','3_5',1200,333,0,'',0,'2023-11-09 16:41:46','2023-11-11 23:39:56',0);

/*!40000 ALTER TABLE `pms_sku` ENABLE KEYS */;
UNLOCK TABLES;


# 转储表 sys_dept
# ------------------------------------------------------------

DROP TABLE IF EXISTS `sys_dept`;

CREATE TABLE `sys_dept` (
  `id` bigint NOT NULL AUTO_INCREMENT COMMENT '主键',
  `name` varchar(64) CHARACTER SET utf8mb4 COLLATE utf8mb4_general_ci NOT NULL DEFAULT '' COMMENT '部门名称',
  `parent_id` bigint NOT NULL DEFAULT '0' COMMENT '父节点id',
  `tree_path` varchar(255) CHARACTER SET utf8mb4 COLLATE utf8mb4_general_ci NOT NULL DEFAULT '' COMMENT '父节点id路径',
  `sort` int NOT NULL DEFAULT '0' COMMENT '显示顺序',
  `status` tinyint NOT NULL DEFAULT '1' COMMENT '状态(1:正常;0:禁用)',
  `create_by` bigint NOT NULL DEFAULT '0' COMMENT '创建人ID',
  `update_by` bigint NOT NULL DEFAULT '0' COMMENT '修改人ID',
  `created_at` datetime DEFAULT NULL COMMENT '创建时间',
  `updated_at` datetime DEFAULT NULL COMMENT '更新时间',
  `deleted_at` bigint NOT NULL DEFAULT '0' COMMENT '逻辑删除标识(1:已删除;0:未删除)',
  PRIMARY KEY (`id`) USING BTREE
) ENGINE=InnoDB DEFAULT CHARSET=utf8mb4 COLLATE=utf8mb4_general_ci ROW_FORMAT=DYNAMIC COMMENT='部门表';

LOCK TABLES `sys_dept` WRITE;
/*!40000 ALTER TABLE `sys_dept` DISABLE KEYS */;

INSERT INTO `sys_dept` (`id`, `name`, `parent_id`, `tree_path`, `sort`, `status`, `create_by`, `update_by`, `created_at`, `updated_at`, `deleted_at`)
VALUES
	(1,'普鲁顿科技',0,'0',1,1,1,1,'2022-04-19 12:46:37','2022-04-19 12:46:37',0),
	(2,'研发部门',1,'0,1',1,1,2,2,'2022-04-19 12:46:37','2022-04-19 12:46:37',0),
	(3,'测试部门',1,'0,1',1,1,2,2,'2022-04-19 12:46:37','2023-10-23 11:29:40',0),
	(4,'销售部门',1,'0,1',1,1,1,1,'2022-04-19 12:46:37','2022-04-19 12:46:37',0),
	(172,'总经办',1,'0,1',1,1,2,2,'2023-10-23 11:30:05','2023-10-23 11:30:05',0),
	(173,'事业一部',1,'0,1',1,1,2,2,'2023-10-23 11:31:57','2023-10-23 11:31:57',0);

/*!40000 ALTER TABLE `sys_dept` ENABLE KEYS */;
UNLOCK TABLES;


# 转储表 sys_dict
# ------------------------------------------------------------

DROP TABLE IF EXISTS `sys_dict`;

CREATE TABLE `sys_dict` (
  `id` bigint NOT NULL AUTO_INCREMENT COMMENT '主键',
  `type_code` varchar(64) CHARACTER SET utf8mb4 COLLATE utf8mb4_general_ci NOT NULL COMMENT '字典类型编码',
  `name` varchar(50) CHARACTER SET utf8mb4 COLLATE utf8mb4_general_ci NOT NULL DEFAULT '' COMMENT '字典项名称',
  `value` varchar(50) CHARACTER SET utf8mb4 COLLATE utf8mb4_general_ci NOT NULL DEFAULT '' COMMENT '字典项值',
  `sort` int NOT NULL DEFAULT '0' COMMENT '排序',
  `status` tinyint NOT NULL DEFAULT '1' COMMENT '状态(1:正常;0:禁用)',
  `remark` varchar(255) CHARACTER SET utf8mb4 COLLATE utf8mb4_general_ci NOT NULL DEFAULT '' COMMENT '备注',
  `created_at` datetime DEFAULT NULL COMMENT '创建时间',
  `updated_at` datetime DEFAULT NULL COMMENT '更新时间',
  `deleted_at` bigint NOT NULL DEFAULT '0' COMMENT '是否默认(1:是;0:否)',
  PRIMARY KEY (`id`) USING BTREE,
  KEY `deleted_at` (`deleted_at`)
) ENGINE=InnoDB DEFAULT CHARSET=utf8mb4 COLLATE=utf8mb4_general_ci ROW_FORMAT=DYNAMIC COMMENT='字典数据表';

LOCK TABLES `sys_dict` WRITE;
/*!40000 ALTER TABLE `sys_dict` DISABLE KEYS */;

INSERT INTO `sys_dict` (`id`, `type_code`, `name`, `value`, `sort`, `status`, `remark`, `created_at`, `updated_at`, `deleted_at`)
VALUES
	(1,'gender','男','1',1,1,'','2019-05-05 13:07:52','2022-06-12 23:20:39',0),
	(2,'gender','女','2',1,1,'','2019-04-19 11:33:00','2019-07-02 14:23:05',0),
	(3,'gender','未知','0',1,1,'','2020-10-17 08:09:31','2023-10-23 12:12:01',0),
	(69,'gender','沃尔玛购物袋','9',1,1,'','2023-10-23 12:23:25','2023-10-23 12:23:25',1698035017);

/*!40000 ALTER TABLE `sys_dict` ENABLE KEYS */;
UNLOCK TABLES;


# 转储表 sys_dict_type
# ------------------------------------------------------------

DROP TABLE IF EXISTS `sys_dict_type`;

CREATE TABLE `sys_dict_type` (
  `id` bigint NOT NULL AUTO_INCREMENT COMMENT '主键 ',
  `name` varchar(50) CHARACTER SET utf8mb4 COLLATE utf8mb4_general_ci NOT NULL DEFAULT '' COMMENT '类型名称',
  `code` varchar(50) CHARACTER SET utf8mb4 COLLATE utf8mb4_general_ci NOT NULL DEFAULT '' COMMENT '类型编码',
  `status` tinyint(1) NOT NULL DEFAULT '1' COMMENT '状态(1:正常;0:禁用)',
  `remark` varchar(255) CHARACTER SET utf8mb4 COLLATE utf8mb4_general_ci NOT NULL DEFAULT '' COMMENT '备注',
  `created_at` datetime NOT NULL COMMENT '创建时间',
  `updated_at` datetime NOT NULL COMMENT '更新时间',
  PRIMARY KEY (`id`) USING BTREE,
  UNIQUE KEY `type_code` (`code`) USING BTREE
) ENGINE=InnoDB DEFAULT CHARSET=utf8mb4 COLLATE=utf8mb4_general_ci ROW_FORMAT=DYNAMIC COMMENT='字典类型表';

LOCK TABLES `sys_dict_type` WRITE;
/*!40000 ALTER TABLE `sys_dict_type` DISABLE KEYS */;

INSERT INTO `sys_dict_type` (`id`, `name`, `code`, `status`, `remark`, `created_at`, `updated_at`)
VALUES
	(1,'性别','gender',1,'xxx','2019-12-06 19:03:32','2022-06-12 16:21:28');

/*!40000 ALTER TABLE `sys_dict_type` ENABLE KEYS */;
UNLOCK TABLES;


# 转储表 sys_menu
# ------------------------------------------------------------

DROP TABLE IF EXISTS `sys_menu`;

CREATE TABLE `sys_menu` (
  `id` bigint NOT NULL AUTO_INCREMENT,
  `parent_id` bigint NOT NULL COMMENT '父菜单ID',
  `tree_path` varchar(255) CHARACTER SET utf8mb4 COLLATE utf8mb4_general_ci NOT NULL DEFAULT '' COMMENT '父节点ID路径',
  `name` varchar(64) CHARACTER SET utf8mb4 COLLATE utf8mb4_general_ci NOT NULL DEFAULT '' COMMENT '菜单名称',
  `type` tinyint(1) NOT NULL COMMENT '菜单类型(1:菜单；2:目录；3:外链；4:按钮)',
  `path` varchar(128) CHARACTER SET utf8mb4 COLLATE utf8mb4_general_ci NOT NULL DEFAULT '' COMMENT '路由路径(浏览器地址栏路径)',
  `component` varchar(128) CHARACTER SET utf8mb4 COLLATE utf8mb4_general_ci NOT NULL DEFAULT '' COMMENT '组件路径(vue页面完整路径，省略.vue后缀)',
  `perm` varchar(128) CHARACTER SET utf8mb4 COLLATE utf8mb4_general_ci NOT NULL DEFAULT '' COMMENT '权限标识',
  `visible` tinyint(1) NOT NULL DEFAULT '1' COMMENT '显示状态(1-显示;0-隐藏)',
  `sort` int NOT NULL DEFAULT '0' COMMENT '排序',
  `icon` varchar(64) CHARACTER SET utf8mb4 COLLATE utf8mb4_general_ci NOT NULL DEFAULT '' COMMENT '菜单图标',
  `redirect` varchar(128) CHARACTER SET utf8mb4 COLLATE utf8mb4_general_ci NOT NULL DEFAULT '' COMMENT '跳转路径',
  `created_at` datetime DEFAULT NULL COMMENT '创建时间',
  `updated_at` datetime DEFAULT NULL COMMENT '更新时间',
  `deleted_at` bigint NOT NULL DEFAULT '0',
  PRIMARY KEY (`id`) USING BTREE,
  KEY `deleted_at` (`deleted_at`),
  KEY `type` (`type`)
) ENGINE=InnoDB DEFAULT CHARSET=utf8mb4 COLLATE=utf8mb4_general_ci ROW_FORMAT=DYNAMIC COMMENT='菜单管理';

LOCK TABLES `sys_menu` WRITE;
/*!40000 ALTER TABLE `sys_menu` DISABLE KEYS */;

INSERT INTO `sys_menu` (`id`, `parent_id`, `tree_path`, `name`, `type`, `path`, `component`, `perm`, `visible`, `sort`, `icon`, `redirect`, `created_at`, `updated_at`, `deleted_at`)
VALUES
	(1,0,'0','系统管理',2,'/system','Layout','',1,99,'system','/system/user','2021-08-28 09:12:21','2023-10-29 00:21:37',0),
	(2,1,'0,1','用户管理',1,'user','system/user/index','',1,1,'user','','2021-08-28 09:12:21','2021-08-28 09:12:21',0),
	(3,1,'0,1','角色管理',1,'role','system/role/index','',1,2,'role','','2021-08-28 09:12:21','2021-08-28 09:12:21',0),
	(4,1,'0,1','菜单管理',1,'menu','system/menu/index','',1,3,'menu','','2021-08-28 09:12:21','2021-08-28 09:12:21',0),
	(5,1,'0,1','部门管理',1,'dept','system/dept/index','',1,4,'tree','','2021-08-28 09:12:21','2021-08-28 09:12:21',0),
	(6,1,'0,1','字典管理',1,'dict','system/dict/index','',1,5,'dict','','2021-08-28 09:12:21','2021-08-28 09:12:21',0),
	(7,0,'0','会员管理',2,'/ums','Layout','',1,30,'homepage','/ums/user','2023-10-23 14:13:17','2023-10-29 00:22:41',0),
	(8,0,'0','商城管理',2,'/pms','Layout','',1,1,'tree','/pms/user','2023-10-23 14:13:17','2023-11-08 15:16:23',0),
	(9,0,'0','订单管理',2,'/oms','Layout','',1,20,'publish','/oms/order','2023-10-23 14:13:17','2023-11-08 15:39:00',0),
	(31,2,'0,1,2','用户新增',4,'','','sys:user:add',1,1,'','','2022-10-23 11:04:08','2022-10-23 11:04:11',0),
	(32,2,'0,1,2','用户编辑',4,'','','sys:user:edit',1,2,'','','2022-10-23 11:04:08','2022-10-23 11:04:11',0),
	(33,2,'0,1,2','用户删除',4,'','','sys:user:delete',1,3,'','','2022-10-23 11:04:08','2022-10-23 11:04:11',0),
	(70,3,'0,1,3','角色新增',4,'','','sys:role:add',1,1,'','','2023-05-20 23:39:09','2023-05-20 23:39:09',0),
	(71,3,'0,1,3','角色编辑',4,'','','sys:role:edit',1,2,'','','2023-05-20 23:40:31','2023-05-20 23:40:31',0),
	(72,3,'0,1,3','角色删除',4,'','','sys:role:delete',1,3,'','','2023-05-20 23:41:08','2023-05-20 23:41:08',0),
	(73,4,'0,1,4','菜单新增',4,'','','sys:menu:add',1,1,'','','2023-05-20 23:41:35','2023-05-20 23:41:35',0),
	(74,4,'0,1,4','菜单编辑',4,'','','sys:menu:edit',1,3,'','','2023-05-20 23:41:58','2023-05-20 23:41:58',0),
	(75,4,'0,1,4','菜单删除',4,'','','sys:menu:delete',1,3,'','','2023-05-20 23:44:18','2023-05-20 23:44:18',0),
	(76,5,'0,1,5','部门新增',4,'','','sys:dept:add',1,1,'','','2023-05-20 23:45:00','2023-05-20 23:45:00',0),
	(77,5,'0,1,5','部门编辑',4,'','','sys:dept:edit',1,2,'','','2023-05-20 23:46:16','2023-05-20 23:46:16',0),
	(78,5,'0,1,5','部门删除',4,'','','sys:dept:delete',1,3,'','','2023-05-20 23:46:36','2023-05-20 23:46:36',0),
	(79,6,'0,1,6','字典类型新增',4,'','','sys:dict_type:add',1,1,'','','2023-05-21 00:16:06','2023-05-21 00:16:06',0),
	(81,6,'0,1,6','字典类型编辑',4,'','','sys:dict_type:edit',1,2,'','','2023-05-21 00:27:37','2023-05-21 00:27:37',0),
	(84,6,'0,1,6','字典类型删除',4,'','','sys:dict_type:delete',1,3,'','','2023-05-21 00:29:39','2023-05-21 00:29:39',0),
	(85,6,'0,1,6','字典数据新增',4,'','','sys:dict:add',1,4,'','','2023-05-21 00:46:56','2023-05-21 00:47:06',0),
	(86,6,'0,1,6','字典数据编辑',4,'','','sys:dict:edit',1,5,'','','2023-05-21 00:47:36','2023-05-21 00:47:36',0),
	(87,6,'0,1,6','字典数据删除',4,'','','sys:dict:delete',1,6,'','','2023-05-21 00:48:10','2023-05-21 00:48:20',0),
	(88,2,'0,1,2','重置密码',4,'','','sys:user:reset_pwd',1,4,'','','2023-05-21 00:49:18','2023-05-21 00:49:18',0),
	(104,7,'0,7','会员列表',1,'user','ums/user/index','',1,1,'monitor','','2023-10-23 14:15:32','2023-10-23 14:15:48',0),
	(105,7,'0,7','第三方列表',1,'third','ums/third/index','',1,1,'monitor','','2023-10-23 14:15:32','2023-10-23 14:15:48',0),
	(106,8,'0,8','店铺管理',1,'shop','pms/shop/index','',1,1,'message','','2023-10-23 14:15:32','2023-11-08 15:16:03',0),
	(107,8,'0,8','商品管理',1,'goods','pms/goods/index','',1,1,'monitor','','2023-10-23 14:15:32','2023-10-23 14:15:48',0),
	(108,9,'0,9','订单列表',1,'order','oms/order/index','',1,1,'peoples','','2023-10-23 14:15:32','2023-10-23 14:15:32',0),
	(109,9,'0,9','订单设置',1,'setting','oms/setting/index','',1,1,'peoples','','2023-10-23 14:15:32','2023-11-10 21:22:16',0),
	(110,8,'0,8','添加商品',1,'goods/detail','pms/goods/detail','',1,1,'monitor','','2023-10-23 14:15:32','2023-10-23 14:15:48',0);

/*!40000 ALTER TABLE `sys_menu` ENABLE KEYS */;
UNLOCK TABLES;


# 转储表 sys_role
# ------------------------------------------------------------

DROP TABLE IF EXISTS `sys_role`;

CREATE TABLE `sys_role` (
  `id` bigint NOT NULL AUTO_INCREMENT,
  `name` varchar(64) CHARACTER SET utf8mb4 COLLATE utf8mb4_general_ci NOT NULL DEFAULT '' COMMENT '角色名称',
  `code` varchar(32) CHARACTER SET utf8mb4 COLLATE utf8mb4_general_ci NOT NULL DEFAULT '' COMMENT '角色编码',
  `sort` int NOT NULL COMMENT '显示顺序',
  `status` tinyint(1) NOT NULL DEFAULT '1' COMMENT '角色状态(1-正常；0-停用)',
  `data_scope` tinyint NOT NULL COMMENT '数据权限(0-所有数据；1-部门及子部门数据；2-本部门数据；3-本人数据)',
  `created_at` datetime DEFAULT NULL COMMENT '创建时间',
  `updated_at` datetime DEFAULT NULL COMMENT '更新时间',
  `deleted_at` bigint NOT NULL DEFAULT '0' COMMENT '逻辑删除标识',
  PRIMARY KEY (`id`) USING BTREE,
  UNIQUE KEY `name` (`name`) USING BTREE,
  KEY `deleted_at` (`deleted_at`)
) ENGINE=InnoDB DEFAULT CHARSET=utf8mb4 COLLATE=utf8mb4_general_ci ROW_FORMAT=DYNAMIC COMMENT='角色表';

LOCK TABLES `sys_role` WRITE;
/*!40000 ALTER TABLE `sys_role` DISABLE KEYS */;

INSERT INTO `sys_role` (`id`, `name`, `code`, `sort`, `status`, `data_scope`, `created_at`, `updated_at`, `deleted_at`)
VALUES
	(1,'超级管理员','ROOT',1,1,0,'2018-12-23 16:00:00','2021-05-21 14:56:51',0),
	(2,'系统管理员','ADMIN',2,1,1,NULL,'2021-03-25 12:39:54',0),
	(3,'访问游客','GUEST',3,0,0,'2019-05-05 16:00:00','2023-11-08 11:14:27',0),
	(4,'系统管理员1','ADMIN1',2,1,1,NULL,'2021-03-25 12:39:54',0),
	(5,'系统管理员2','ADMIN2',2,1,1,NULL,'2021-03-25 12:39:54',0),
	(6,'系统管理员3','ADMIN3',2,1,1,NULL,'2021-03-25 12:39:54',1697988542),
	(7,'tt','tt33',1,1,0,'2023-11-27 21:29:11','2023-11-27 21:30:10',1701091814),
	(8,'test','test222',1,1,3,'2023-11-27 21:30:21','2023-11-27 21:53:02',1701420926),
	(9,'tr','tr',1,1,1,'2023-11-27 21:53:17','2023-11-27 21:53:17',1701420926);

/*!40000 ALTER TABLE `sys_role` ENABLE KEYS */;
UNLOCK TABLES;


# 转储表 sys_role_menu
# ------------------------------------------------------------

DROP TABLE IF EXISTS `sys_role_menu`;

CREATE TABLE `sys_role_menu` (
  `role_id` bigint NOT NULL COMMENT '角色ID',
  `menu_id` bigint NOT NULL COMMENT '菜单ID',
  KEY `role_id` (`role_id`),
  KEY `menu_id` (`menu_id`)
) ENGINE=InnoDB DEFAULT CHARSET=utf8mb4 COLLATE=utf8mb4_general_ci ROW_FORMAT=DYNAMIC COMMENT='角色和菜单关联表';

LOCK TABLES `sys_role_menu` WRITE;
/*!40000 ALTER TABLE `sys_role_menu` DISABLE KEYS */;

INSERT INTO `sys_role_menu` (`role_id`, `menu_id`)
VALUES
	(5,1),
	(5,2),
	(5,31),
	(5,32),
	(5,33),
	(5,88),
	(5,3),
	(5,70),
	(5,71),
	(5,72),
	(4,1),
	(4,4),
	(4,73),
	(4,74),
	(4,75),
	(4,5),
	(4,76),
	(4,77),
	(4,78),
	(2,1),
	(2,2),
	(2,31),
	(2,32),
	(2,33),
	(2,88),
	(2,3),
	(2,70),
	(2,71),
	(2,72),
	(2,4),
	(2,73),
	(2,74),
	(2,75),
	(2,5),
	(2,76),
	(2,77),
	(2,78),
	(2,6),
	(2,79),
	(2,81),
	(2,84),
	(2,85),
	(2,86),
	(2,87),
	(2,7),
	(2,104),
	(2,105),
	(2,8),
	(2,106),
	(2,107),
	(1,1),
	(1,2),
	(1,31),
	(1,32),
	(1,33),
	(1,88),
	(1,3),
	(1,70),
	(1,71),
	(1,72),
	(1,4),
	(1,73),
	(1,74),
	(1,75),
	(1,5),
	(1,76),
	(1,77),
	(1,78),
	(1,6),
	(1,79),
	(1,81),
	(1,84),
	(1,85),
	(1,86),
	(1,87),
	(1,7),
	(1,104),
	(1,105),
	(1,8),
	(1,106),
	(1,107),
	(1,9),
	(1,108),
	(1,109),
	(1,110);

/*!40000 ALTER TABLE `sys_role_menu` ENABLE KEYS */;
UNLOCK TABLES;


# 转储表 sys_user
# ------------------------------------------------------------

DROP TABLE IF EXISTS `sys_user`;

CREATE TABLE `sys_user` (
  `id` int NOT NULL AUTO_INCREMENT,
  `username` varchar(64) CHARACTER SET utf8mb4 COLLATE utf8mb4_general_ci NOT NULL COMMENT '用户名',
  `nickname` varchar(64) CHARACTER SET utf8mb4 COLLATE utf8mb4_general_ci NOT NULL COMMENT '昵称',
  `gender` tinyint(1) NOT NULL DEFAULT '1' COMMENT '性别((1:男;2:女))',
  `password` varchar(100) CHARACTER SET utf8mb4 COLLATE utf8mb4_general_ci NOT NULL COMMENT '密码',
  `dept_id` int NOT NULL COMMENT '部门ID',
  `avatar` varchar(255) CHARACTER SET utf8mb4 COLLATE utf8mb4_general_ci NOT NULL DEFAULT '' COMMENT '用户头像',
  `mobile` varchar(20) CHARACTER SET utf8mb4 COLLATE utf8mb4_general_ci NOT NULL COMMENT '联系方式',
  `status` tinyint(1) NOT NULL DEFAULT '1' COMMENT '用户状态((1:正常;0:禁用))',
  `email` varchar(128) CHARACTER SET utf8mb4 COLLATE utf8mb4_general_ci NOT NULL COMMENT '用户邮箱',
  `created_at` datetime DEFAULT NULL COMMENT '创建时间',
  `updated_at` datetime DEFAULT NULL COMMENT '更新时间',
  `deleted_at` bigint NOT NULL DEFAULT '0' COMMENT '逻辑删除标识(0:未删除;1:已删除)',
  PRIMARY KEY (`id`) USING BTREE,
  UNIQUE KEY `login_name` (`username`) USING BTREE,
  KEY `deleted_at` (`deleted_at`)
) ENGINE=InnoDB DEFAULT CHARSET=utf8mb4 COLLATE=utf8mb4_general_ci ROW_FORMAT=DYNAMIC COMMENT='用户信息表';

LOCK TABLES `sys_user` WRITE;
/*!40000 ALTER TABLE `sys_user` DISABLE KEYS */;

INSERT INTO `sys_user` (`id`, `username`, `nickname`, `gender`, `password`, `dept_id`, `avatar`, `mobile`, `status`, `email`, `created_at`, `updated_at`, `deleted_at`)
VALUES
	(1,'kyle','总监',2,'2be7b79b4067d1d315c0ef99b4d34f61cbba08ba7882cbb0576d8193bac332d8',1,'https://img.imguo.com/files/2023/10/13/7d51f441-9554-4008-9120-304254e00ce5.jpeg','17621590365',1,'kyle@163.com','2019-10-10 13:41:22','2019-10-10 13:41:22',0),
	(2,'admin','系统管理员',1,'2be7b79b4067d1d315c0ef99b4d34f61cbba08ba7882cbb0576d8193bac332d8',1,'https://oss.youlai.tech/youlai-boot/2023/05/16/811270ef31f548af9cffc026dfc3777b.gif','17621210366',1,'','2019-10-10 13:41:22','2022-07-31 12:39:30',0),
	(3,'test','测试小用户',1,'2be7b79b4067d1d315c0ef99b4d34f61cbba08ba7882cbb0576d8193bac332d8',3,'https://oss.youlai.tech/youlai-boot/2023/05/16/811270ef31f548af9cffc026dfc3777b.gif','17621210366',1,'kyle@163.com','2021-06-05 01:31:29','2021-06-05 01:31:29',0);

/*!40000 ALTER TABLE `sys_user` ENABLE KEYS */;
UNLOCK TABLES;


# 转储表 sys_user_role
# ------------------------------------------------------------

DROP TABLE IF EXISTS `sys_user_role`;

CREATE TABLE `sys_user_role` (
  `user_id` bigint NOT NULL COMMENT '用户ID',
  `role_id` bigint NOT NULL COMMENT '角色ID',
  PRIMARY KEY (`user_id`,`role_id`) USING BTREE
) ENGINE=InnoDB DEFAULT CHARSET=utf8mb4 COLLATE=utf8mb4_general_ci ROW_FORMAT=DYNAMIC COMMENT='用户和角色关联表';

LOCK TABLES `sys_user_role` WRITE;
/*!40000 ALTER TABLE `sys_user_role` DISABLE KEYS */;

INSERT INTO `sys_user_role` (`user_id`, `role_id`)
VALUES
	(1,1),
	(1,2),
	(2,2),
	(3,3);

/*!40000 ALTER TABLE `sys_user_role` ENABLE KEYS */;
UNLOCK TABLES;


# 转储表 user
# ------------------------------------------------------------

DROP TABLE IF EXISTS `user`;

CREATE TABLE `user` (
  `id` bigint unsigned NOT NULL AUTO_INCREMENT,
  `mobile` char(11) CHARACTER SET utf8mb4 COLLATE utf8mb4_unicode_ci NOT NULL DEFAULT '' COMMENT '电话号码',
  `username` varchar(64) CHARACTER SET utf8mb4 COLLATE utf8mb4_unicode_ci NOT NULL DEFAULT '' COMMENT '姓名',
  `nickname` varchar(64) CHARACTER SET utf8mb4 COLLATE utf8mb4_unicode_ci NOT NULL DEFAULT '' COMMENT '昵称',
  `avatar` varchar(512) CHARACTER SET utf8mb4 COLLATE utf8mb4_unicode_ci NOT NULL DEFAULT '' COMMENT '头像',
  `id_card` varchar(32) CHARACTER SET utf8mb4 COLLATE utf8mb4_unicode_ci NOT NULL DEFAULT '' COMMENT '身份证号码',
  `gender` tinyint NOT NULL DEFAULT '0' COMMENT '性别 0 未知 1男 2女',
  `signature` varchar(10240) CHARACTER SET utf8mb4 COLLATE utf8mb4_unicode_ci NOT NULL DEFAULT '' COMMENT '签名',
  `birthday` date DEFAULT NULL COMMENT '生日',
  `tags` varchar(5000) CHARACTER SET utf8mb4 COLLATE utf8mb4_unicode_ci DEFAULT '' COMMENT 'tags',
  `source` varchar(10) CHARACTER SET utf8mb4 COLLATE utf8mb4_unicode_ci NOT NULL DEFAULT 'WXAPP' COMMENT '来源，APP H5',
  `source_uid` int NOT NULL DEFAULT '0' COMMENT '邀请uid',
  `created_at` datetime NOT NULL DEFAULT CURRENT_TIMESTAMP,
  `updated_at` datetime NOT NULL DEFAULT CURRENT_TIMESTAMP ON UPDATE CURRENT_TIMESTAMP,
  `deleted_at` bigint NOT NULL DEFAULT '0',
  PRIMARY KEY (`id`),
  KEY `deleted_at` (`deleted_at`)
) ENGINE=InnoDB DEFAULT CHARSET=utf8mb4 COLLATE=utf8mb4_unicode_ci;

LOCK TABLES `user` WRITE;
/*!40000 ALTER TABLE `user` DISABLE KEYS */;

INSERT INTO `user` (`id`, `mobile`, `username`, `nickname`, `avatar`, `id_card`, `gender`, `signature`, `birthday`, `tags`, `source`, `source_uid`, `created_at`, `updated_at`, `deleted_at`)
VALUES
	(1,'18627111090','kneng1','kneng1','https://img.imguo.com/files/2023/09/13/f8788e78-44b2-49b3-8dd4-78b77c91a95f.jpg','',1,'','2023-11-29','','WXAPP',0,'2020-10-12 22:39:09','2024-09-12 22:50:00',1726152599),
	(2,'18627111091','k2','k2','https://img.imguo.com/files/2023/09/13/f8788e78-44b2-49b3-8dd4-78b77c91a95f.jpg','',2,'','0000-01-01','','WXAPP',0,'2022-10-12 22:43:35','2023-11-27 22:20:58',1698398521),
	(3,'18627111092','开','k3','https://img.imguo.com/files/2023/09/13/f8788e78-44b2-49b3-8dd4-78b77c91a95f.jpg','',0,'',NULL,'','WXAPP',0,'2023-10-12 23:28:07','2023-10-27 17:22:01',1698398521),
	(4,'18627111093','靠','k4','https://img.imguo.com/files/2023/09/13/f8788e78-44b2-49b3-8dd4-78b77c91a95f.jpg','',0,'',NULL,'','WXAPP',0,'2023-10-12 23:58:20','2023-10-27 17:22:01',1698398521),
	(5,'18627111094','考','k5','https://img.imguo.com/files/2023/10/13/27fbf0f2-a0ac-49c3-928c-267514c0b6b0.jpeg','420117',1,'tags','1986-06-17','tags','WXAPP',1,'2023-10-13 08:38:39','2023-10-27 17:22:01',1698398521),
	(6,'18627111089','kneng','nick','https://img.imguo.com/files/2023/10/13/bdc842a3-8582-4a49-9828-7455244c02f5.jpeg','',1,'tags','1986-01-01','','APP',0,'2023-10-13 18:17:19','2023-10-24 15:39:03',1698133143),
	(7,'18627111095','kneng','kt','https://img.imguo.com/files/2023/10/13/7d51f441-9554-4008-9120-304254e00ce5.jpeg','',0,'testtags','1986-02-01','','APP',0,'2021-10-13 19:05:27','2023-10-31 17:04:22',0),
	(8,'18012351235','test','test','https://img.imguo.com/files/2023/11/27/676bb309-18fc-41b3-96df-73dab5dbefee.png','',1,'','0000-01-01','','APP',0,'2023-11-27 22:22:27','2023-11-27 22:22:27',0);

/*!40000 ALTER TABLE `user` ENABLE KEYS */;
UNLOCK TABLES;


# 转储表 user_address
# ------------------------------------------------------------

DROP TABLE IF EXISTS `user_address`;

CREATE TABLE `user_address` (
  `id` int unsigned NOT NULL AUTO_INCREMENT COMMENT 'ID',
  `shop_id` int NOT NULL DEFAULT '0' COMMENT '店铺id',
  `uid` int NOT NULL COMMENT '用户ID',
  `name` varchar(32) CHARACTER SET utf8mb4 COLLATE utf8mb4_general_ci NOT NULL DEFAULT '' COMMENT '联系人',
  `mobile` char(11) CHARACTER SET utf8mb4 COLLATE utf8mb4_general_ci NOT NULL DEFAULT '' COMMENT '手机号',
  `area` varchar(128) CHARACTER SET utf8mb4 COLLATE utf8mb4_general_ci NOT NULL DEFAULT '' COMMENT '学校地址',
  `info` varchar(128) CHARACTER SET utf8mb4 COLLATE utf8mb4_general_ci NOT NULL DEFAULT '' COMMENT '详细地址',
  `is_default` tinyint(1) NOT NULL DEFAULT '0' COMMENT '是否默认',
  `created_at` datetime NOT NULL DEFAULT CURRENT_TIMESTAMP,
  `updated_at` datetime NOT NULL DEFAULT CURRENT_TIMESTAMP ON UPDATE CURRENT_TIMESTAMP,
  `deleted_at` int NOT NULL DEFAULT '0',
  PRIMARY KEY (`id`)
) ENGINE=InnoDB DEFAULT CHARSET=utf8mb4 COLLATE=utf8mb4_general_ci COMMENT='学校-用户收货地址表';

LOCK TABLES `user_address` WRITE;
/*!40000 ALTER TABLE `user_address` DISABLE KEYS */;

INSERT INTO `user_address` (`id`, `shop_id`, `uid`, `name`, `mobile`, `area`, `info`, `is_default`, `created_at`, `updated_at`, `deleted_at`)
VALUES
	(1,1,1,'黄先生','18627111095','武汉','3501',1,'2023-11-10 18:29:23','2023-11-10 18:29:25',0);

/*!40000 ALTER TABLE `user_address` ENABLE KEYS */;
UNLOCK TABLES;


# 转储表 user_cart
# ------------------------------------------------------------

DROP TABLE IF EXISTS `user_cart`;

CREATE TABLE `user_cart` (
  `id` int unsigned NOT NULL AUTO_INCREMENT COMMENT 'ID',
  `shop_id` int NOT NULL COMMENT '商户id',
  `uid` int NOT NULL COMMENT '用户id',
  `goods_id` int NOT NULL COMMENT '商品id',
  `goods_name` varchar(127) CHARACTER SET utf8mb4 COLLATE utf8mb4_general_ci NOT NULL DEFAULT '' COMMENT '商品名称',
  `checked` tinyint(1) NOT NULL DEFAULT '1' COMMENT '购物车中商品是否选择状态',
  `pic_url` varchar(255) CHARACTER SET utf8mb4 COLLATE utf8mb4_general_ci NOT NULL DEFAULT '' COMMENT '商品图片或者商品货品图片',
  `num` int NOT NULL COMMENT '数量',
  `sku_id` int NOT NULL COMMENT 'sku id',
  `spec` json NOT NULL COMMENT 'spec',
  `spec_str` varchar(255) CHARACTER SET utf8mb4 COLLATE utf8mb4_0900_ai_ci NOT NULL DEFAULT '' COMMENT 'spec 描述',
  `created_at` int NOT NULL COMMENT '创建时间',
  `updated_at` int NOT NULL COMMENT '更新时间',
  PRIMARY KEY (`id`)
) ENGINE=InnoDB DEFAULT CHARSET=utf8mb4 COLLATE=utf8mb4_general_ci COMMENT='用户购物表';



# 转储表 user_third
# ------------------------------------------------------------

DROP TABLE IF EXISTS `user_third`;

CREATE TABLE `user_third` (
  `id` int unsigned NOT NULL AUTO_INCREMENT COMMENT 'id',
  `uid` int NOT NULL COMMENT '会员ID',
  `platform` varchar(128) CHARACTER SET utf8mb4 COLLATE utf8mb4_general_ci NOT NULL DEFAULT 'wxapp' COMMENT '第三方应用',
  `openid` varchar(128) CHARACTER SET utf8mb4 COLLATE utf8mb4_general_ci NOT NULL DEFAULT '' COMMENT '第三方唯一ID',
  `unionid` varchar(128) CHARACTER SET utf8mb4 COLLATE utf8mb4_general_ci NOT NULL DEFAULT '' COMMENT '小程序unionid',
  `nickname` varchar(64) CHARACTER SET utf8mb4 COLLATE utf8mb4_general_ci NOT NULL DEFAULT '' COMMENT '第三方会员昵称',
  `avatar` varchar(512) CHARACTER SET utf8mb4 COLLATE utf8mb4_general_ci NOT NULL DEFAULT '' COMMENT '第三方会员头像',
  `created_at` datetime NOT NULL DEFAULT CURRENT_TIMESTAMP,
  `updated_at` datetime NOT NULL DEFAULT CURRENT_TIMESTAMP ON UPDATE CURRENT_TIMESTAMP,
  `deleted_at` bigint NOT NULL DEFAULT '0',
  PRIMARY KEY (`id`),
  KEY `deleted_at` (`deleted_at`)
) ENGINE=InnoDB DEFAULT CHARSET=utf8mb4 COLLATE=utf8mb4_general_ci COMMENT='第三方登录表';

LOCK TABLES `user_third` WRITE;
/*!40000 ALTER TABLE `user_third` DISABLE KEYS */;

INSERT INTO `user_third` (`id`, `uid`, `platform`, `openid`, `unionid`, `nickname`, `avatar`, `created_at`, `updated_at`, `deleted_at`)
VALUES
	(4,7,'wxapp','odbtT5eCbsuLGOdUDW7EcY5ZT-Bg','odbtT5eCbsuLGOdUDW7EcY5ZT-Bg','kyle','https://img.imguo.com/files/2023/10/13/7d51f441-9554-4008-9120-304254e00ce5.jpeg','2023-10-12 22:39:38','2023-10-24 17:43:03',0);

/*!40000 ALTER TABLE `user_third` ENABLE KEYS */;
UNLOCK TABLES;



/*!40111 SET SQL_NOTES=@OLD_SQL_NOTES */;
/*!40101 SET SQL_MODE=@OLD_SQL_MODE */;
/*!40014 SET FOREIGN_KEY_CHECKS=@OLD_FOREIGN_KEY_CHECKS */;
/*!40101 SET CHARACTER_SET_CLIENT=@OLD_CHARACTER_SET_CLIENT */;
/*!40101 SET CHARACTER_SET_RESULTS=@OLD_CHARACTER_SET_RESULTS */;
/*!40101 SET COLLATION_CONNECTION=@OLD_COLLATION_CONNECTION */;
